OriginalName	SHA256	NewPath
00_STATUS_AND_AUTHORITY.md	A4AAF27CFB385CE2EB6A68218EE4FCEAD5AA9E599AF3ED72A5AD033AFC28DCB7	applications/docs/FSATS/06_ARCHIVE/HISTORICAL_RECORDS/00_STATUS_AND_AUTHORITY.md
01_V1.4_ARCHITECTURE_DESIGN.md	B9B1C72E63D95D3A98A43CD3905CC2EDA7EB55B43ED56B6486F14407D0DDD903	applications/docs/FSATS/06_ARCHIVE/HISTORICAL_RECORDS/01_V1.4_ARCHITECTURE_DESIGN.md
02_WORK_PLAN.md	69CF16AC9258130AC01E2E8AEC8CB27677C150A5BB010E3CE8E99E32D69BD7A0	applications/docs/FSATS/06_ARCHIVE/HISTORICAL_RECORDS/02_WORK_PLAN.md
03_FOUNDATION_DEPENDENCY_AND_FCR_REGISTER.md	DD42C8BBD2236BE77B7938796D7255F3621DF459A022C3A895B1239501556423	applications/docs/FSATS/06_ARCHIVE/HISTORICAL_RECORDS/03_FOUNDATION_DEPENDENCY_AND_FCR_REGISTER.md
04_RED_TEAM_REVIEW.md	50D07BDEAEDF33930E87074DF482A7B8824340C67136EF7FB32E41E791BB4C2C	applications/docs/FSATS/05_RED_TEAM_AND_REVIEWS/_PART_0_CROSS_CUTTING/04_RED_TEAM_REVIEW.md
05_EXECUTION_STAGES.md	EA1C6F6C2F40C8CD48ED26ACE74923AE7BD8B689A309555ACB7C618CD92D234F	applications/docs/FSATS/06_ARCHIVE/HISTORICAL_RECORDS/05_EXECUTION_STAGES.md
06_APPLICATION_OWNERSHIP_AND_12_LSA_MAP.md	A53EB21F219D1199F23D93411844A22C00395D8BC833D32372BB0FCFA9D506AF	applications/docs/FSATS/06_ARCHIVE/HISTORICAL_RECORDS/06_APPLICATION_OWNERSHIP_AND_12_LSA_MAP.md
07_MANIFEST_CANDIDATES.md	76F2EF7F33616C28C92C21F261FF69990E5558E0B0ED51BB5D9B0FE131D3CB1E	applications/docs/FSATS/06_ARCHIVE/HISTORICAL_RECORDS/07_MANIFEST_CANDIDATES.md
08_CROSS_APPLICATION_CONTRACT_MATRIX.md	B060410079A1E1F732B43085DACF7E228092266A4C1C2FE83AC1A811DF0BE828	applications/docs/FSATS/06_ARCHIVE/HISTORICAL_RECORDS/08_CROSS_APPLICATION_CONTRACT_MATRIX.md
09_V1.3_CORRECTION_PRESERVATION_MATRIX.md	1CB73485AD06A97D984F2237D1161FCE8C13E01219DF3508586DA2FEC425A7CA	applications/docs/FSATS/06_ARCHIVE/HISTORICAL_RECORDS/09_V1.3_CORRECTION_PRESERVATION_MATRIX.md
10_ALIGNMENT_MASTER_PROPOSAL.md	EB7E38C1C60363125AA7F305A133996213685B5313C6A710D96FF96B31364F8F	applications/docs/FSATS/06_ARCHIVE/HISTORICAL_RECORDS/10_ALIGNMENT_MASTER_PROPOSAL.md
10_LIVE_RUNTIME_FAST_PATH_AND_LATENCY_ARCHITECTURE.md	AD2D70072ABB442A732FC021F2A305355B83D0766D7DF768FABE7091697EBF1A	applications/docs/FSATS/06_ARCHIVE/HISTORICAL_RECORDS/10_LIVE_RUNTIME_FAST_PATH_AND_LATENCY_ARCHITECTURE.md
100_P0F_FINAL_OWNER_ACCEPTANCE_AND_CLOSURE_RECORD.md	604ECEFE1758D661A0BF1094B7DB148697BC40E058E7687254C681DE3A2C7679	applications/docs/FSATS/04_OWNER_DECISIONS/CLOSURE/100_P0F_FINAL_OWNER_ACCEPTANCE_AND_CLOSURE_RECORD.md
101_P0F_POST_CLOSURE_OPERATIONAL_STATUS.md	0CBC3260268321579920707B0694F23430C9918B9CB7FEA0AF467A5B8F03DF32	applications/docs/FSATS/06_ARCHIVE/HISTORICAL_RECORDS/101_P0F_POST_CLOSURE_OPERATIONAL_STATUS.md
102_P0G_START_AND_SCOPE_CONTROL_RECORD.md	376C4D4E4BEF7185CB6CEA4A34E6E0A04359A8475C861A2EC3660747DE91E211	applications/docs/FSATS/06_ARCHIVE/HISTORICAL_RECORDS/102_P0G_START_AND_SCOPE_CONTROL_RECORD.md
103_P0G_CANONICAL_FSAPMA_OPERATIONAL_DATA_ARCHITECTURE_CANDIDATE.md	B716A02A339682C9E2BAC244ECD84E03CFE4B1B7E87C7ED0CFC7CCC355A7A6B8	applications/docs/FSATS/03_CURRENT_APPROVED_DESIGN/PART_0/P0-G/103_P0G_CANONICAL_FSAPMA_OPERATIONAL_DATA_ARCHITECTURE_CANDIDATE.md
103A_P0G_ENTITLEMENT_STREAM_CONTINUITY_ADJUSTMENT_AND_PRECISION_HARDENING.md	C2F3DA633BB78D0950E5EEBBE48140CFFF0AACECAE397895C490AE444C766E0E	applications/docs/FSATS/03_CURRENT_APPROVED_DESIGN/PART_0/P0-G/103A_P0G_ENTITLEMENT_STREAM_CONTINUITY_ADJUSTMENT_AND_PRECISION_HARDENING.md
103B_P0G_EXTERNAL_PROVIDER_EGRESS_FCR_AND_FAIL_CLOSED_HARDENING.md	707AB0B16E76A3C63CB23FA37C07122E1B758EA5D60CCD2F19AAF925CEC701F6	applications/docs/FSATS/03_CURRENT_APPROVED_DESIGN/PART_0/P0-G/103B_P0G_EXTERNAL_PROVIDER_EGRESS_FCR_AND_FAIL_CLOSED_HARDENING.md
103C_P0G_MULTI_USER_PROVIDER_API_INSTANCE_POOL_AND_ROLE_CAPACITY_HARDENING.md	7BAB61BFD58B727C446897AFF6F08AF823FFCF90A7D36797ACEC0C5EB1FED5FF	applications/docs/FSATS/03_CURRENT_APPROVED_DESIGN/PART_0/P0-G/103C_P0G_MULTI_USER_PROVIDER_API_INSTANCE_POOL_AND_ROLE_CAPACITY_HARDENING.md
104_P0G_INITIAL_ARCHITECTURE_AND_RED_TEAM_REPORT.md	BA43FF69B52470928B194714631E18B17AADB4934B88158E2A28EBB470B6E2C3	applications/docs/FSATS/05_RED_TEAM_AND_REVIEWS/P0-G/104_P0G_INITIAL_ARCHITECTURE_AND_RED_TEAM_REPORT.md
105_P0G_EXACT_CURRENT_CANDIDATE_BINDING.md	0CFE608904129F655CC5E64A544EF3878D78CAF9EBC1F54EDC9225FCD3D3009D	applications/docs/FSATS/06_ARCHIVE/OLD_BINDINGS/105_P0G_EXACT_CURRENT_CANDIDATE_BINDING.md
106_P0G_FRESH_FULL_POST_REMEDIATION_ARCHITECTURE_AND_RED_TEAM_REPORT.md	5C67AA6BDE90689D8EB00690D6F2C8666E4615CF7B518B123DBFCF96940C1CD4	applications/docs/FSATS/05_RED_TEAM_AND_REVIEWS/P0-G/106_P0G_FRESH_FULL_POST_REMEDIATION_ARCHITECTURE_AND_RED_TEAM_REPORT.md
107_P0G_POST_MULTI_USER_API_POOL_FULL_ARCHITECTURE_AND_RED_TEAM_REPORT.md	F79375A9F694DE75E17362CC43DAC2E393E4710841D7DDEE550FADF8FEDCF2B7	applications/docs/FSATS/05_RED_TEAM_AND_REVIEWS/P0-G/107_P0G_POST_MULTI_USER_API_POOL_FULL_ARCHITECTURE_AND_RED_TEAM_REPORT.md
108_P0G_FINAL_INTEGRATED_PRE_OWNER_REVIEW_BINDING.md	858DF7E1BBAD1569C3C2E2DFFDB11DBE0BA4D8887066FC049777C3E1B155838F	applications/docs/FSATS/05_RED_TEAM_AND_REVIEWS/P0-G/BINDINGS/108_P0G_FINAL_INTEGRATED_PRE_OWNER_REVIEW_BINDING.md
109_P0G_FINAL_FULL_PREDECESSOR_LINKAGE_AND_RED_TEAM_REPORT.md	8B94E8199433BD8320CE0512D8A1EE3E3B3977EF2DF195CA67DACFE8A3F68E02	applications/docs/FSATS/05_RED_TEAM_AND_REVIEWS/P0-G/109_P0G_FINAL_FULL_PREDECESSOR_LINKAGE_AND_RED_TEAM_REPORT.md
11_WORK_PARTS_AND_FUTURE_EXECUTION_PLAN.md	03069B5E451BEA45D60559E7A6ACAD88FE768D0C3E9B0A724D74FDBB418EC76B	applications/docs/FSATS/06_ARCHIVE/HISTORICAL_RECORDS/11_WORK_PARTS_AND_FUTURE_EXECUTION_PLAN.md
110_P0G_FINAL_OWNER_ACCEPTANCE_AND_CLOSURE_RECORD.md	D3C0F5453E7729A184D51E2693EBB9640AB9548977414E2120644A66692B8045	applications/docs/FSATS/04_OWNER_DECISIONS/CLOSURE/110_P0G_FINAL_OWNER_ACCEPTANCE_AND_CLOSURE_RECORD.md
111_P0G_POST_CLOSURE_OPERATIONAL_STATUS.md	EF075F44AFBD0BEBFDBED5E2D8349028614BE6C7CD6BA33DABF23C5B5E3D0494	applications/docs/FSATS/06_ARCHIVE/HISTORICAL_RECORDS/111_P0G_POST_CLOSURE_OPERATIONAL_STATUS.md
112_P0H_START_AND_SCOPE_CONTROL_RECORD.md	EFC3BA24CA84527E4F355984DF32D591E235D909F133D999C8BFC6B0E12A248B	applications/docs/FSATS/06_ARCHIVE/HISTORICAL_RECORDS/112_P0H_START_AND_SCOPE_CONTROL_RECORD.md
113_P0H_CANONICAL_TRADING_CORE_DESIGN_CANDIDATE.md	15FC21ACD4FE7CFF5A7443653B7750F4ECA0BF5533584204E9374337C61E0D1D	applications/docs/FSATS/03_CURRENT_APPROVED_DESIGN/PART_0/P0-H/113_P0H_CANONICAL_TRADING_CORE_DESIGN_CANDIDATE.md
113A_P0H_EXECUTION_RISK_CAPITAL_CONTROL_EPOCH_AND_BROKER_BOUNDARY_HARDENING.md	FAE5D08E2DC4F412D68BE456E802D623B310CE72A2F5C80D84E03E96ED4EA3C0	applications/docs/FSATS/03_CURRENT_APPROVED_DESIGN/PART_0/P0-H/113A_P0H_EXECUTION_RISK_CAPITAL_CONTROL_EPOCH_AND_BROKER_BOUNDARY_HARDENING.md
113B_P0H_STRATEGY_AWARENESS_MARKET_RISK_AND_CONTINUITY_BOUNDARY_HARDENING.md	E4C03EE79FB72B500ED372FDD13105620E915A11843FEF5BC1BF02D17AA1CF7E	applications/docs/FSATS/03_CURRENT_APPROVED_DESIGN/PART_0/P0-H/113B_P0H_STRATEGY_AWARENESS_MARKET_RISK_AND_CONTINUITY_BOUNDARY_HARDENING.md
113C_P0H_DYNAMIC_UNIVERSE_CONTEXTUAL_RISK_MARKET_BROKER_BINDING_AND_CAPABILITY_HARDENING.md	FCC5A31E1D2A4FDBFB5509D0293BF88569EB2AFDEDA202897F85BE92E717D3D1	applications/docs/FSATS/03_CURRENT_APPROVED_DESIGN/PART_0/P0-H/113C_P0H_DYNAMIC_UNIVERSE_CONTEXTUAL_RISK_MARKET_BROKER_BINDING_AND_CAPABILITY_HARDENING.md
114_P0H_INITIAL_ARCHITECTURE_AND_RED_TEAM_REPORT.md	2D6DF9C2502C62F727B23E88F7E9861CAD1BF5C397B26A65FF3C9DBE67A7631E	applications/docs/FSATS/05_RED_TEAM_AND_REVIEWS/P0-H/114_P0H_INITIAL_ARCHITECTURE_AND_RED_TEAM_REPORT.md
115_P0H_EXACT_CURRENT_CANDIDATE_BINDING.md	923EB04F8B2D7EC47E5311897C775813697380C99E7C1208FEDECB6B7DE247C7	applications/docs/FSATS/06_ARCHIVE/OLD_BINDINGS/115_P0H_EXACT_CURRENT_CANDIDATE_BINDING.md
116_P0H_FRESH_FULL_POST_REMEDIATION_ARCHITECTURE_AND_RED_TEAM_REPORT.md	4CB3089E48C60DCDDC5B7923358D26265B7D44F4E53DC7D7AA9C7459421B807B	applications/docs/FSATS/05_RED_TEAM_AND_REVIEWS/P0-H/116_P0H_FRESH_FULL_POST_REMEDIATION_ARCHITECTURE_AND_RED_TEAM_REPORT.md
117_P0H_POST_OWNER_REVIEW_CHANGE_FULL_ARCHITECTURE_AND_RED_TEAM_REPORT.md	3D9F5814218251B7E7BAD4B21B38BA7E6416C167E56BFEBB0BE81C28E5A0E5AF	applications/docs/FSATS/05_RED_TEAM_AND_REVIEWS/P0-H/117_P0H_POST_OWNER_REVIEW_CHANGE_FULL_ARCHITECTURE_AND_RED_TEAM_REPORT.md
118_P0H_FINAL_INTEGRATED_PRE_OWNER_REVIEW_BINDING.md	146040A733A809E04E13CB638F24EDC44FAAD03AC1603529A976C647ED9BC050	applications/docs/FSATS/05_RED_TEAM_AND_REVIEWS/P0-H/BINDINGS/118_P0H_FINAL_INTEGRATED_PRE_OWNER_REVIEW_BINDING.md
119_P0H_FINAL_FULL_PREDECESSOR_FOUNDATION_AND_RED_TEAM_REPORT.md	74DDCD0BEF4A38E08145A0877F780A19C601DD2A2E0615A9E14D3A66AC7DD6EA	applications/docs/FSATS/05_RED_TEAM_AND_REVIEWS/P0-H/119_P0H_FINAL_FULL_PREDECESSOR_FOUNDATION_AND_RED_TEAM_REPORT.md
12_FAST_TRACK_AND_PERFORMANCE_PRESERVATION.md	DE946C0C3DD5E70B069AFAF0D7BE137AFFFD992C398253E66ADEB6095E90664E	applications/docs/FSATS/06_ARCHIVE/HISTORICAL_RECORDS/12_FAST_TRACK_AND_PERFORMANCE_PRESERVATION.md
120_P0H_FINAL_OWNER_ACCEPTANCE_AND_CLOSURE_RECORD.md	5446135051486F4BA7DED9AA75FA3A082F95E7B14DF05AF4EF58534A64E358C2	applications/docs/FSATS/04_OWNER_DECISIONS/CLOSURE/120_P0H_FINAL_OWNER_ACCEPTANCE_AND_CLOSURE_RECORD.md
121_P0H_POST_CLOSURE_OPERATIONAL_STATUS.md	F357481C863C71558026CF4C6127900A61C866713D307F895E0B3F776B66E968	applications/docs/FSATS/06_ARCHIVE/HISTORICAL_RECORDS/121_P0H_POST_CLOSURE_OPERATIONAL_STATUS.md
122_P0I_START_AND_SCOPE_CONTROL_RECORD.md	55EBEF025BA7202D48EAD84B1BB156703BC148CF77723340CAB6AFDBCF5A2223	applications/docs/FSATS/06_ARCHIVE/HISTORICAL_RECORDS/122_P0I_START_AND_SCOPE_CONTROL_RECORD.md
123_P0I_CANONICAL_GUARDIAN_CRISIS_PROTECTION_AND_RESOURCE_ESCALATION_CANDIDATE.md	558CEBF9A25683670A0D19FD0090595EBCCDD58A13629C7A37193E27D992BC82	applications/docs/FSATS/03_CURRENT_APPROVED_DESIGN/PART_0/P0-I/123_P0I_CANONICAL_GUARDIAN_CRISIS_PROTECTION_AND_RESOURCE_ESCALATION_CANDIDATE.md
123A_P0I_DIRECTIVE_EPOCH_SCOPED_STATE_SELF_FAILURE_RESOURCE_OUTCOME_AND_RECOVERY_HARDENING.md	4F6CC842FD0AF6363DF0C4E9C56FA9A68838ECB4B5E6F43EF63CB8F7658EF38A	applications/docs/FSATS/03_CURRENT_APPROVED_DESIGN/PART_0/P0-I/123A_P0I_DIRECTIVE_EPOCH_SCOPED_STATE_SELF_FAILURE_RESOURCE_OUTCOME_AND_RECOVERY_HARDENING.md
123B_P0I_LOCALIZED_CRISIS_SCOPE_ALERTING_AND_AUTHORIZED_ACCOUNT_SUPERVISION_HARDENING.md	57D2848099E936D9A81CB7D3785C6669F19DDBE9B41CF3EDC78FB2EF6499E1F0	applications/docs/FSATS/03_CURRENT_APPROVED_DESIGN/PART_0/P0-I/123B_P0I_LOCALIZED_CRISIS_SCOPE_ALERTING_AND_AUTHORIZED_ACCOUNT_SUPERVISION_HARDENING.md
124_P0I_INITIAL_ARCHITECTURE_AND_RED_TEAM_REPORT.md	430AFD71C70E2190FC93675BC493F43F68A1BEE4DF3DE4BBDA859B5444ADEF76	applications/docs/FSATS/05_RED_TEAM_AND_REVIEWS/P0-I/124_P0I_INITIAL_ARCHITECTURE_AND_RED_TEAM_REPORT.md
125_P0I_EXACT_CURRENT_CANDIDATE_BINDING.md	9BA47B42826EC7B6C0AC99151F6C4CEF2770B5A7633AEEFBDD8B4D209008E418	applications/docs/FSATS/06_ARCHIVE/OLD_BINDINGS/125_P0I_EXACT_CURRENT_CANDIDATE_BINDING.md
126_P0I_FRESH_FULL_POST_REMEDIATION_ARCHITECTURE_AND_RED_TEAM_REPORT.md	21ADC8E57BA2538B1796FC12A541911E412F6DCCD780425723775F63E0ACE8B9	applications/docs/FSATS/05_RED_TEAM_AND_REVIEWS/P0-I/126_P0I_FRESH_FULL_POST_REMEDIATION_ARCHITECTURE_AND_RED_TEAM_REPORT.md
127_P0I_POST_LOCALIZED_SCOPE_AND_ALERTING_FRESH_RED_TEAM_REPORT.md	EAFFD9EF5CA7FAAFD08C176E8E15D48AD0021F6DB7B0AEED11B6EBED9C841377	applications/docs/FSATS/05_RED_TEAM_AND_REVIEWS/P0-I/127_P0I_POST_LOCALIZED_SCOPE_AND_ALERTING_FRESH_RED_TEAM_REPORT.md
128_P0I_FINAL_INTEGRATED_PRE_OWNER_REVIEW_BINDING.md	D1CE0C1ACA8153889EDDE2A0C5665614C2AAB445E56FE413FF88A61735567279	applications/docs/FSATS/05_RED_TEAM_AND_REVIEWS/P0-I/BINDINGS/128_P0I_FINAL_INTEGRATED_PRE_OWNER_REVIEW_BINDING.md
129_P0I_FINAL_FULL_PREDECESSOR_FOUNDATION_AND_RED_TEAM_REPORT.md	E8D4691D08A3A34850C72772A6471379E74EF50077DF03BF279234E2C2DB503B	applications/docs/FSATS/05_RED_TEAM_AND_REVIEWS/P0-I/129_P0I_FINAL_FULL_PREDECESSOR_FOUNDATION_AND_RED_TEAM_REPORT.md
13_ALIGNMENT_RED_TEAM_REVIEW.md	FA6DFFB1B14829353FCAB16D84065ACFD88502135605E3ED42955259E39A9A13	applications/docs/FSATS/05_RED_TEAM_AND_REVIEWS/_PART_0_CROSS_CUTTING/13_ALIGNMENT_RED_TEAM_REVIEW.md
130_P0I_FINAL_OWNER_ACCEPTANCE_AND_CLOSURE_RECORD.md	F604366EF480DA5048289E01B23EE75A85D6251EA282966C287ED6AC7512B3D7	applications/docs/FSATS/04_OWNER_DECISIONS/CLOSURE/130_P0I_FINAL_OWNER_ACCEPTANCE_AND_CLOSURE_RECORD.md
131_P0I_POST_CLOSURE_OPERATIONAL_STATUS.md	4DAF3377E88D3D4AB22998A711BB8FE4718C7811259B587B2735366EFC141E43	applications/docs/FSATS/06_ARCHIVE/HISTORICAL_RECORDS/131_P0I_POST_CLOSURE_OPERATIONAL_STATUS.md
132_P0J_START_AND_SCOPE_CONTROL_RECORD.md	D7C592189E7AEA4E775E73C47D2F836953962A5B05E177EBC348C971F2E4D766	applications/docs/FSATS/06_ARCHIVE/HISTORICAL_RECORDS/132_P0J_START_AND_SCOPE_CONTROL_RECORD.md
133_P0J_CANONICAL_FAST_TRACK_PERFORMANCE_PRIORITY_AND_LOAD_SHEDDING_CANDIDATE.md	C6CB7DD343EB15269ACE590389BD99D7AD321C089F0D28ECD76EF72848322856	applications/docs/FSATS/03_CURRENT_APPROVED_DESIGN/PART_0/P0-J/133_P0J_CANONICAL_FAST_TRACK_PERFORMANCE_PRIORITY_AND_LOAD_SHEDDING_CANDIDATE.md
133A_P0J_DEADLINE_COHERENCY_PRIORITY_INVERSION_SHEDDING_AND_TELEMETRY_HARDENING.md	97A239CDFAA9B4CB28874FB3AAA1A88244892918585DC6D7C13A47741734D635	applications/docs/FSATS/03_CURRENT_APPROVED_DESIGN/PART_0/P0-J/133A_P0J_DEADLINE_COHERENCY_PRIORITY_INVERSION_SHEDDING_AND_TELEMETRY_HARDENING.md
133B_P0J_UNIFIED_PERFORMANCE_PRIORITY_AND_FAST_TRACK_MODEL.md	9B02BDEA670CA83CEDF4EBE3CD20059D0E0068055800623651D8E0CC121AB792	applications/docs/FSATS/03_CURRENT_APPROVED_DESIGN/PART_0/P0-J/133B_P0J_UNIFIED_PERFORMANCE_PRIORITY_AND_FAST_TRACK_MODEL.md
133C_P0J_REFERENCE_SYNTHESIS_HARDENING.md	DA14DA128AA2F7CC19E4E2DD56EAD936B64AF6297803789C95694E4E58544471	applications/docs/FSATS/03_CURRENT_APPROVED_DESIGN/PART_0/P0-J/133C_P0J_REFERENCE_SYNTHESIS_HARDENING.md
134_P0J_INITIAL_ARCHITECTURE_AND_RED_TEAM_REPORT.md	8FDFA641D7EE65B618723C8EF4AD4C8E0DC6172624CD8341E161F627126A0A4E	applications/docs/FSATS/05_RED_TEAM_AND_REVIEWS/P0-J/134_P0J_INITIAL_ARCHITECTURE_AND_RED_TEAM_REPORT.md
135_P0J_EXACT_CURRENT_CANDIDATE_BINDING.md	F588F4D7386E6989348946431A55DB40DD0636F0ED47696C030162B983252B57	applications/docs/FSATS/06_ARCHIVE/OLD_BINDINGS/135_P0J_EXACT_CURRENT_CANDIDATE_BINDING.md
136_P0J_FRESH_FULL_POST_REMEDIATION_ARCHITECTURE_AND_RED_TEAM_REPORT.md	5D885B189A8244C72C04CBD68DBC3F42B0D3B1B04ED1BB0376E82D6A28C71642	applications/docs/FSATS/05_RED_TEAM_AND_REVIEWS/P0-J/136_P0J_FRESH_FULL_POST_REMEDIATION_ARCHITECTURE_AND_RED_TEAM_REPORT.md
137_P0J_POST_UNIFIED_FAST_TRACK_MODEL_FRESH_RED_TEAM_REPORT.md	D0B96EFCFE165CC3C6C836E8C81DFBCDB778897CF2CBB673EDEACB96C53B594E	applications/docs/FSATS/05_RED_TEAM_AND_REVIEWS/P0-J/137_P0J_POST_UNIFIED_FAST_TRACK_MODEL_FRESH_RED_TEAM_REPORT.md
138_P0J_FULL_REFERENCE_RESEARCH_AND_DESIGN_SYNTHESIS_REVIEW.md	DAE49EA971A2391507EDB7427A7120F780C9AB2795B16F3B2CD761FA264D5095	applications/docs/FSATS/05_RED_TEAM_AND_REVIEWS/P0-J/138_P0J_FULL_REFERENCE_RESEARCH_AND_DESIGN_SYNTHESIS_REVIEW.md
139_P0J_POST_REFERENCE_SYNTHESIS_EXACT_CANDIDATE_BINDING.md	587F00C9215C008DF28539863E35C6C0B713E93E720AB1ADAF2A6D978F3236C9	applications/docs/FSATS/06_ARCHIVE/OLD_BINDINGS/139_P0J_POST_REFERENCE_SYNTHESIS_EXACT_CANDIDATE_BINDING.md
14_PART0_V1_3_DELTA_ACCOUNTING.md	91D9FD03A008D8F1611D87AFBFCECFD95364DB41160DB243FC6D11EDF04109E0	applications/docs/FSATS/06_ARCHIVE/HISTORICAL_RECORDS/14_PART0_V1_3_DELTA_ACCOUNTING.md
140_P0J_FRESH_FULL_REFERENCE_SYNTHESIS_ARCHITECTURE_AND_RED_TEAM_REPORT.md	9BE23AAE190DF58A1F647BB3128C6B3EC55DF3E20E2292CB82FB093F714999BF	applications/docs/FSATS/05_RED_TEAM_AND_REVIEWS/P0-J/140_P0J_FRESH_FULL_REFERENCE_SYNTHESIS_ARCHITECTURE_AND_RED_TEAM_REPORT.md
141_P0J_OWNER_FREEZE_RECORD.md	ADDCC6CEB115E892FE10BAF65CFBB9C82CB8CA412EE1F919196DCFF9214A2A3B	applications/docs/FSATS/04_OWNER_DECISIONS/CHANGES/141_P0J_OWNER_FREEZE_RECORD.md
142_P0J_POST_FREEZE_OPERATIONAL_STATUS.md	27BD69C2EAE682518650AD00A2344C88A8C86911EA649C3D0E0CF62448F4C2F5	applications/docs/FSATS/06_ARCHIVE/HISTORICAL_RECORDS/142_P0J_POST_FREEZE_OPERATIONAL_STATUS.md
143_P0A_THROUGH_P0I_OWNER_AUTHORIZED_OPTIMIZATION_REOPEN_RECORD.md	AAF839762F238208D3BC9494FBC71C4A2BAB9A3A783F7325C023F2C5BE2CC113	applications/docs/FSATS/04_OWNER_DECISIONS/REOPEN/143_P0A_THROUGH_P0I_OWNER_AUTHORIZED_OPTIMIZATION_REOPEN_RECORD.md
144_OPTIMAL_DESIGN_REFERENCE_SYNTHESIS_AND_PRODUCTION_READINESS_STANDARD.md	1D85ED204F2AD59960D6CD25D144AE69C1A996E96E9C610B08502AA12425DC12	applications/docs/FSATS/03_CURRENT_APPROVED_DESIGN/PART_0/_CROSS_CUTTING/144_OPTIMAL_DESIGN_REFERENCE_SYNTHESIS_AND_PRODUCTION_READINESS_STANDARD.md
145_P0A_THROUGH_P0F_OPTIMAL_DESIGN_HARDENING.md	8D0B280B41EED866B260E7BCCDA61F42BA8C871846A99F49F909987670CCA73E	applications/docs/FSATS/03_CURRENT_APPROVED_DESIGN/PART_0/_CROSS_CUTTING/145_P0A_THROUGH_P0F_OPTIMAL_DESIGN_HARDENING.md
146_P0G_OPTIMAL_FSAPMA_RESILIENCE_ROUTING_AND_CAPACITY_HARDENING.md	DC45C330231CBFEDDDDD3A870900F71411483233B3FBA8BFA52E215C8C734B30	applications/docs/FSATS/03_CURRENT_APPROVED_DESIGN/PART_0/_CROSS_CUTTING/146_P0G_OPTIMAL_FSAPMA_RESILIENCE_ROUTING_AND_CAPACITY_HARDENING.md
147_P0H_OPTIMAL_TRADING_DECISION_RISK_EXECUTION_AND_LEARNING_HARDENING.md	344DB096BDD6435027EB328B5516C1E749E83D04C960C2F59A162DA0A8ACA2CE	applications/docs/FSATS/03_CURRENT_APPROVED_DESIGN/PART_0/_CROSS_CUTTING/147_P0H_OPTIMAL_TRADING_DECISION_RISK_EXECUTION_AND_LEARNING_HARDENING.md
148_P0I_OPTIMAL_GUARDIAN_PLAYBOOK_SURVIVAL_AND_RECOVERY_HARDENING.md	CA5B8583D9A42BC6E98A4F02ABBF1A627714D55EB55997CFCB5E7C4E8CC7CAA3	applications/docs/FSATS/03_CURRENT_APPROVED_DESIGN/PART_0/_CROSS_CUTTING/148_P0I_OPTIMAL_GUARDIAN_PLAYBOOK_SURVIVAL_AND_RECOVERY_HARDENING.md
149_P0A_THROUGH_P0I_OPTIMIZATION_INITIAL_ARCHITECTURE_AND_RED_TEAM_REPORT.md	DAA32C6B74EF2344C2A44CDC1B5E69065F05274267D21D56E69786DD9E524BC7	applications/docs/FSATS/05_RED_TEAM_AND_REVIEWS/P0-A/149_P0A_THROUGH_P0I_OPTIMIZATION_INITIAL_ARCHITECTURE_AND_RED_TEAM_REPORT.md
149A_P0A_THROUGH_P0I_OPTIMIZATION_RED_TEAM_REMEDIATION.md	CA353036260F201FBE0B874580F6C37B50996FA9DC0AE84BAA20B1FD0ADC07D2	applications/docs/FSATS/05_RED_TEAM_AND_REVIEWS/P0-A/149A_P0A_THROUGH_P0I_OPTIMIZATION_RED_TEAM_REMEDIATION.md
15_PART0_FOUNDATION_ALIGNMENT_MATRIX.md	BCE642A7B74308FFE07989AF7A38646B9C739EFBE68FB495472145611D0B080A	applications/docs/FSATS/06_ARCHIVE/HISTORICAL_RECORDS/15_PART0_FOUNDATION_ALIGNMENT_MATRIX.md
150_P0A_THROUGH_P0I_POST_OPTIMIZATION_EXACT_CANDIDATE_BINDING.md	F8BC7CB09E5BEE8C37D5065ECFB84417C44EBE0DA1A6741B6A7F50330D24E3E7	applications/docs/FSATS/06_ARCHIVE/OLD_BINDINGS/150_P0A_THROUGH_P0I_POST_OPTIMIZATION_EXACT_CANDIDATE_BINDING.md
151_P0A_THROUGH_P0I_FRESH_POST_OPTIMIZATION_ARCHITECTURE_SECURITY_PRODUCTION_AND_RED_TEAM_REPORT.md	1D67C7FCADAFBB052074B6AB066A8B827AC28A612770F13125FA7DC36DDB53F7	applications/docs/FSATS/05_RED_TEAM_AND_REVIEWS/P0-A/151_P0A_THROUGH_P0I_FRESH_POST_OPTIMIZATION_ARCHITECTURE_SECURITY_PRODUCTION_AND_RED_TEAM_REPORT.md
152_P0J_FROZEN_BASELINE_POST_P0A_I_OPTIMIZATION_PREDECESSOR_IMPACT_REVIEW.md	356B6C081BE22C3C94E502B4CF9BA7869FD66428A705EC91449A5EA0E67A6D41	applications/docs/FSATS/05_RED_TEAM_AND_REVIEWS/P0-J/152_P0J_FROZEN_BASELINE_POST_P0A_I_OPTIMIZATION_PREDECESSOR_IMPACT_REVIEW.md
153_POST_OPTIMIZATION_CURRENT_OPERATIONAL_STATUS.md	7B28A5E988855D3A39E180FB88D94C1EA71FFA9F29098E871C954C98D47EA918	applications/docs/FSATS/06_ARCHIVE/HISTORICAL_RECORDS/153_POST_OPTIMIZATION_CURRENT_OPERATIONAL_STATUS.md
154_P0A_THROUGH_P0I_OPTIMIZED_OWNER_ACCEPTANCE_RECORD.md	F5DFA6EDA76D352CF1073B80D62E29BC7162F941CAA5F59DB3E0F25DC72ABD65	applications/docs/FSATS/04_OWNER_DECISIONS/ACCEPTANCE/154_P0A_THROUGH_P0I_OPTIMIZED_OWNER_ACCEPTANCE_RECORD.md
155_POST_OPTIMIZATION_OWNER_ACCEPTANCE_CURRENT_STATUS.md	9286F5464688E82513B758A5840530E7891405D58D3460D63E14D1456DBE5FAA	applications/docs/FSATS/06_ARCHIVE/HISTORICAL_RECORDS/155_POST_OPTIMIZATION_OWNER_ACCEPTANCE_CURRENT_STATUS.md
156_P0A_THROUGH_P0I_OPTIMIZED_FINAL_OWNER_ACCEPTANCE_AND_CLOSURE_RECORD.md	C002E302D45A883F6BE4927600570136B27A94E716C310C4891B2A95C79B5E47	applications/docs/FSATS/04_OWNER_DECISIONS/CLOSURE/156_P0A_THROUGH_P0I_OPTIMIZED_FINAL_OWNER_ACCEPTANCE_AND_CLOSURE_RECORD.md
157_P0A_THROUGH_P0I_OPTIMIZED_POST_CLOSURE_OPERATIONAL_STATUS.md	B6637F877348AA5C339798478BD20339C32A32FF37D2E62247F7E4797385F713	applications/docs/FSATS/06_ARCHIVE/HISTORICAL_RECORDS/157_P0A_THROUGH_P0I_OPTIMIZED_POST_CLOSURE_OPERATIONAL_STATUS.md
158_P0J_OWNER_UNFREEZE_AND_REOPEN_RECORD.md	C45E84D19D185DABFBC433B219488E1262B085F63A5C613FACAD8AC3A24A4DBE	applications/docs/FSATS/04_OWNER_DECISIONS/REOPEN/158_P0J_OWNER_UNFREEZE_AND_REOPEN_RECORD.md
159_POST_P0J_UNFREEZE_CURRENT_OPERATIONAL_STATUS.md	B3FDB610C543E56B233304A5A01D4032000E1CB9A5026951639A318093464A2B	applications/docs/FSATS/06_ARCHIVE/HISTORICAL_RECORDS/159_POST_P0J_UNFREEZE_CURRENT_OPERATIONAL_STATUS.md
16_PART0_CON023_COMPLETENESS_REGISTER.md	8FB359285E3B3D36CE77697C9CF3B7A4287B7288EEA3F6262787BCC868BD78B6	applications/docs/FSATS/06_ARCHIVE/HISTORICAL_RECORDS/16_PART0_CON023_COMPLETENESS_REGISTER.md
16_PART0_CON023_MANIFEST_COMPLETENESS_REGISTER.md	F375E4ACD6C3A7416D0A8A1CABDCD178C336EBCF8AF8BB0D3562C92D1CFD512C	applications/docs/FSATS/06_ARCHIVE/HISTORICAL_RECORDS/16_PART0_CON023_MANIFEST_COMPLETENESS_REGISTER.md
160_P0J_OWNER_PRIORITY_STAGE6_RECONCILIATION_HARDENING.md	A8727577E4E3DBBABF19F6291CCEEEE2C79C6C4B1C20154D79A8A614FECDC55C	applications/docs/FSATS/06_ARCHIVE/SUPERSEDED/160_P0J_OWNER_PRIORITY_STAGE6_RECONCILIATION_HARDENING.md
161_PART0_FINAL_EXACT_CANDIDATE_BINDING.md	47FE3C2CC3542D1615A225F1233D8DE12883679C9B73CCA07AB7A9A8316CA1D4	applications/docs/FSATS/06_ARCHIVE/OLD_BINDINGS/161_PART0_FINAL_EXACT_CANDIDATE_BINDING.md
162_PART0_FINAL_FRESH_ARCHITECTURE_SECURITY_PRODUCTION_AND_RED_TEAM_REPORT.md	0BC44A443380A51BFB6CCCBE9E96B5C38398660F5D894E21D197CA6C8C2A2F45	applications/docs/FSATS/05_RED_TEAM_AND_REVIEWS/_PART_0_CROSS_CUTTING/162_PART0_FINAL_FRESH_ARCHITECTURE_SECURITY_PRODUCTION_AND_RED_TEAM_REPORT.md
163_PART0_FINAL_PRE_CLOSURE_STATUS.md	0CE341C475C07FF29AD5D5B1234A124DFA1C0F5585196BCE8EF028F0581F5919	applications/docs/FSATS/06_ARCHIVE/HISTORICAL_RECORDS/163_PART0_FINAL_PRE_CLOSURE_STATUS.md
164_P0J_OWNER_RESOURCE_PRIORITY_SCOPE_CLARIFICATION.md	D856CF8035D90F2CF6C5B631BC1D9DB764D001B380538878949129E465091C3D	applications/docs/FSATS/04_OWNER_DECISIONS/CHANGES/164_P0J_OWNER_RESOURCE_PRIORITY_SCOPE_CLARIFICATION.md
165_PART0_FINAL_RESOURCE_SCOPE_CORRECTED_EXACT_BINDING.md	A0BFC181FC7F841DF37506528BB2CDA24994B9E3EA842410D3567FBCFEF461AC	applications/docs/FSATS/06_ARCHIVE/OLD_BINDINGS/165_PART0_FINAL_RESOURCE_SCOPE_CORRECTED_EXACT_BINDING.md
166_PART0_FINAL_POST_RESOURCE_SCOPE_CLARIFICATION_RED_TEAM_REPORT.md	0807D85E50DAA956832F13F1F8FD2B035CF5485CD1D4B02FC79ECA7A9F0B5913	applications/docs/FSATS/05_RED_TEAM_AND_REVIEWS/_PART_0_CROSS_CUTTING/166_PART0_FINAL_POST_RESOURCE_SCOPE_CLARIFICATION_RED_TEAM_REPORT.md
167_P0J_AND_PART0_FINAL_OWNER_ACCEPTANCE_AND_CLOSURE_RECORD.md	514D3E6C9CE5170143C262B8C87D0FB35FAA0F7FA44233711DDB3140E082F73B	applications/docs/FSATS/06_ARCHIVE/SUPERSEDED/167_P0J_AND_PART0_FINAL_OWNER_ACCEPTANCE_AND_CLOSURE_RECORD.md
168_POST_PART0_FINAL_CLOSURE_OPERATIONAL_STATUS.md	CFE04CD135BE613DF61043B8C2521061643697636524F77D5205046917BC800C	applications/docs/FSATS/06_ARCHIVE/HISTORICAL_RECORDS/168_POST_PART0_FINAL_CLOSURE_OPERATIONAL_STATUS.md
169_PART0_LIMITED_RESOURCE_GOVERNANCE_AMENDMENT_REOPEN_RECORD.md	43EF75E56438D8B704BF7B1791CEF91AC2AEE0AF02FCCC428CA6D53131E80273	applications/docs/FSATS/04_OWNER_DECISIONS/REOPEN/169_PART0_LIMITED_RESOURCE_GOVERNANCE_AMENDMENT_REOPEN_RECORD.md
17_PART0_FINAL_FCR_GAP_SCAN.md	E9C8E329E2541F63EF95F272608223E013F394A095C073F76952655DF538EB1E	applications/docs/FSATS/06_ARCHIVE/HISTORICAL_RECORDS/17_PART0_FINAL_FCR_GAP_SCAN.md
170_TARC_AND_TRADING_RESOURCE_MANAGEMENT_LSA_CANONICAL_AMENDMENT.md	D8BFBB6CE52CC70FD19B0BBE9D04E592F6779DAE1C9D5127FAAB1E0F4422B4E0	applications/docs/FSATS/03_CURRENT_APPROVED_DESIGN/PART_0/_CROSS_CUTTING/170_TARC_AND_TRADING_RESOURCE_MANAGEMENT_LSA_CANONICAL_AMENDMENT.md
171_TRADING_13_LSA_TOPOLOGY_AND_RESOURCE_BOUNDARY_CURRENT_STATUS.md	1DE220ACEE2350383E2FE7E73E6780548E8FD605B2512D2781967792B4F89FAF	applications/docs/FSATS/03_CURRENT_APPROVED_DESIGN/PART_0/_CROSS_CUTTING/171_TRADING_13_LSA_TOPOLOGY_AND_RESOURCE_BOUNDARY_CURRENT_STATUS.md
172_TARC_HOT_PATH_AVAILABILITY_AND_SINGLE_AUTHORITY_HARDENING.md	6DD3AA400D49D6CD4D73562827B4F824C6447EDB35D3D50F1B14C480CA2B4097	applications/docs/FSATS/03_CURRENT_APPROVED_DESIGN/PART_0/_CROSS_CUTTING/172_TARC_HOT_PATH_AVAILABILITY_AND_SINGLE_AUTHORITY_HARDENING.md
173_TARC_AMENDMENT_EXACT_REVIEW_BINDING.md	0A00D1CA4C5996DCD90FB7A60194A9C5C2869CEFC7F19FEA6211A72A4163EC71	applications/docs/FSATS/06_ARCHIVE/OLD_BINDINGS/173_TARC_AMENDMENT_EXACT_REVIEW_BINDING.md
174_T_LSA01_T_LSA13_RESOURCE_OWNERSHIP_DECONFLICTION.md	74CFE89719A7E435458445C23E3763A3E8DF061FB5E4EE9EFCA3009CB88CCCFB	applications/docs/FSATS/03_CURRENT_APPROVED_DESIGN/PART_0/_CROSS_CUTTING/174_T_LSA01_T_LSA13_RESOURCE_OWNERSHIP_DECONFLICTION.md
175_TARC_AMENDMENT_POST_REMEDIATION_EXACT_BINDING.md	7AB6E56EA224DCCA9F56398CA522F5D4098D28840D997AEB6E30143F520298C3	applications/docs/FSATS/06_ARCHIVE/OLD_BINDINGS/175_TARC_AMENDMENT_POST_REMEDIATION_EXACT_BINDING.md
176_TARC_AMENDMENT_FRESH_ARCHITECTURE_AND_CONSISTENCY_REVIEW.md	70BCEE43B51CE31C99BD607EF1BAF5250A79612CBBF3D2C80973C06C858431E4	applications/docs/FSATS/05_RED_TEAM_AND_REVIEWS/_PART_0_CROSS_CUTTING/176_TARC_AMENDMENT_FRESH_ARCHITECTURE_AND_CONSISTENCY_REVIEW.md
177_TARC_PRIORITY_CLASSIFICATION_AND_REQUEST_PROVENANCE_HARDENING.md	6FF599FCC3890DED58E286D7F265CE7905DA6B1FD40480B00604BB00D05B3888	applications/docs/FSATS/03_CURRENT_APPROVED_DESIGN/PART_0/_CROSS_CUTTING/177_TARC_PRIORITY_CLASSIFICATION_AND_REQUEST_PROVENANCE_HARDENING.md
178_TARC_AMENDMENT_FINAL_EXACT_BINDING_AFTER_RED_TEAM_REMEDIATION.md	783CA5C9B857B852118E68DD585041B228E23DA193D62DBE4DE60D84016ADFC4	applications/docs/FSATS/05_RED_TEAM_AND_REVIEWS/_PART_0_CROSS_CUTTING/BINDINGS/178_TARC_AMENDMENT_FINAL_EXACT_BINDING_AFTER_RED_TEAM_REMEDIATION.md
179_TARC_AMENDMENT_FINAL_FRESH_RED_TEAM_REPORT.md	EAFF3F983C5FCC9E7572D7E55134419B9FD645436E03E43D26F516152D5F6F29	applications/docs/FSATS/05_RED_TEAM_AND_REVIEWS/_PART_0_CROSS_CUTTING/179_TARC_AMENDMENT_FINAL_FRESH_RED_TEAM_REPORT.md
18_PART0_FINAL_ARCHITECTURE_REVIEW.md	30A0A52AC29647BE526BAC48F959EE87663D4FBEB3E34FAE20F9CD07170C8A95	applications/docs/FSATS/05_RED_TEAM_AND_REVIEWS/_PART_0_CROSS_CUTTING/18_PART0_FINAL_ARCHITECTURE_REVIEW.md
180_TARC_AMENDMENT_FINAL_PRE_OWNER_RECLOSURE_STATUS.md	9CC9185969E42DC6839C5C3F1F8404BCC4FC6145716767C1DB58CE7BC8870326	applications/docs/FSATS/06_ARCHIVE/HISTORICAL_RECORDS/180_TARC_AMENDMENT_FINAL_PRE_OWNER_RECLOSURE_STATUS.md
181_PART0_TARC_AMENDMENT_FINAL_OWNER_REACCEPTANCE_AND_CLOSURE_RECORD.md	3B99F4D1B31DF21E8E32C0376B9A695BE5F01572EA99E63F1274A076B8FE15C3	applications/docs/FSATS/04_OWNER_DECISIONS/CLOSURE/181_PART0_TARC_AMENDMENT_FINAL_OWNER_REACCEPTANCE_AND_CLOSURE_RECORD.md
182_POST_TARC_AMENDMENT_PART0_FINAL_CLOSURE_OPERATIONAL_STATUS.md	F3DB83A3C89111B025AD74C696E5F83262A9DC28072C20FFC422066C6993A6F7	applications/docs/FSATS/06_ARCHIVE/HISTORICAL_RECORDS/182_POST_TARC_AMENDMENT_PART0_FINAL_CLOSURE_OPERATIONAL_STATUS.md
19_PART0_OWNER_ACCEPTANCE_RECORD.md	61DC93786AC9FDEAE2E9D17E85FC048C4BBEEAA1C30B4651DEF0518E55B63C74	applications/docs/FSATS/06_ARCHIVE/SUPERSEDED/19_PART0_OWNER_ACCEPTANCE_RECORD.md
20_PART0_REOPEN_AND_REMEDIATION_AUTHORITY_RECORD.md	E1487F3A046D392C3FCA7F30720FD72E9A05070259E0DC3898492ABE52DEFADF	applications/docs/FSATS/04_OWNER_DECISIONS/REOPEN/20_PART0_REOPEN_AND_REMEDIATION_AUTHORITY_RECORD.md
20_PART1_OWNER_IMPLEMENTATION_AUTHORIZATION.md	9572613721DC76BDE1DD3815360AA75645B7C51E67140CF05DF5C544D80D590A	applications/docs/FSATS/06_ARCHIVE/HISTORICAL_RECORDS/20_PART1_OWNER_IMPLEMENTATION_AUTHORIZATION.md
21_PART0_REMEDIATION_WORK_PACKAGE_PLAN.md	AE5D37E8A4A1D51F903A5DC717140AF31D283CA970E8ED46F518B1CF24F4B8B8	applications/docs/FSATS/06_ARCHIVE/HISTORICAL_RECORDS/21_PART0_REMEDIATION_WORK_PACKAGE_PLAN.md
21_PART1_FOUNDATION_REVALIDATION_AND_EXECUTION_BASELINE.md	165852DBE675CEFDA33A34C444ED2BBCEDED2C3A2CE40AE0CCDEA4EECF729C13	applications/docs/FSATS/06_ARCHIVE/HISTORICAL_RECORDS/21_PART1_FOUNDATION_REVALIDATION_AND_EXECUTION_BASELINE.md
22_PART0_GITHUB_CANONICAL_REVIEW_SOURCE_POLICY.md	B726B650CA8D4358481AFCBC4EE1D90F535EBC4CFF4860336B88D51DA20D6C39	applications/docs/FSATS/06_ARCHIVE/HISTORICAL_RECORDS/22_PART0_GITHUB_CANONICAL_REVIEW_SOURCE_POLICY.md
23_PART0_V1_3_CANONICAL_COMPLETE_FILE_INVENTORY.md	24BA0562A139269FE50C96F3ED7D83B7D48D108EC1DBE2CFD03DC1F812966594	applications/docs/FSATS/06_ARCHIVE/HISTORICAL_RECORDS/23_PART0_V1_3_CANONICAL_COMPLETE_FILE_INVENTORY.md
23A_PART0_V1_3_CANONICAL_FILE_INVENTORY_001_100.md	ADF33F0A386AF505E6EB613FE90AB2FD1E98B1C6D7B0EF491C1CE6C5FADB6826	applications/docs/FSATS/06_ARCHIVE/HISTORICAL_RECORDS/23A_PART0_V1_3_CANONICAL_FILE_INVENTORY_001_100.md
23B_PART0_V1_3_CANONICAL_FILE_INVENTORY_101_200.md	48D377C48C0A941C694FE8C20CDE77083B35AE35088EEE18ED174D69D450E6CF	applications/docs/FSATS/06_ARCHIVE/HISTORICAL_RECORDS/23B_PART0_V1_3_CANONICAL_FILE_INVENTORY_101_200.md
23C_PART0_V1_3_CANONICAL_FILE_INVENTORY_201_273.md	8178CEA46E9EFF741914D1E1206DA48CE63537DE5CB2A25248D3EE7322007E2B	applications/docs/FSATS/06_ARCHIVE/HISTORICAL_RECORDS/23C_PART0_V1_3_CANONICAL_FILE_INVENTORY_201_273.md
24_P0A_CANONICAL_AUTHORITY_SOURCE_AND_BASELINE_REGISTER.md	3091941ECCF104898EDBB3E86946F642D59AC684AC873C6792AC2F4FE5EB8B60	applications/docs/FSATS/03_CURRENT_APPROVED_DESIGN/PART_0/P0-A/24_P0A_CANONICAL_AUTHORITY_SOURCE_AND_BASELINE_REGISTER.md
25_P0A_TECHNICAL_VERIFICATION_AND_REVIEW_REPORT.md	533598398234A6943C365FEFFB887CD9B6FD8786B26286AABE339D9C38D0FD6A	applications/docs/FSATS/05_RED_TEAM_AND_REVIEWS/P0-A/25_P0A_TECHNICAL_VERIFICATION_AND_REVIEW_REPORT.md
26_P0A_RED_TEAM_TEST_REPORT.md	BFFD82528E23A6922490075B8F05E382F32CF0E29FF91C5C8FA84B2576C15A26	applications/docs/FSATS/05_RED_TEAM_AND_REVIEWS/P0-A/26_P0A_RED_TEAM_TEST_REPORT.md
27_P0A_OWNER_ACCEPTANCE_AND_CLOSURE_RECORD.md	35AF44FCD4D8FFBD7BBC4AF3B4258D6D4EA1A84A0C78346525336F29FE0B2E27	applications/docs/FSATS/06_ARCHIVE/SUPERSEDED/27_P0A_OWNER_ACCEPTANCE_AND_CLOSURE_RECORD.md
28_P0A_POST_CHANGE_REVIEW_CYCLE_CORRECTION.md	F7EDCB1EAC2AE5E8A93EC702DB986127B6ABE51C25C4C2F902C8DBBA00EE9A12	applications/docs/FSATS/06_ARCHIVE/HISTORICAL_RECORDS/28_P0A_POST_CHANGE_REVIEW_CYCLE_CORRECTION.md
29_P0A_POST_CHANGE_RED_TEAM_REVIEW_REPORT.md	B7EBA3BD6F5FDF5DDB15D92B83685E39D4896C2D43FE9C65F092C200241EA42A	applications/docs/FSATS/05_RED_TEAM_AND_REVIEWS/P0-A/29_P0A_POST_CHANGE_RED_TEAM_REVIEW_REPORT.md
30_P0A_CURRENT_POST_CHANGE_CANDIDATE_BINDING.md	26883AAE19283FF0D2706CE7540F5BC8259C753E0F9BE0F1BDA6ABC94CB701B8	applications/docs/FSATS/06_ARCHIVE/OLD_BINDINGS/30_P0A_CURRENT_POST_CHANGE_CANDIDATE_BINDING.md
31_P0A_FRESH_POST_CHANGE_ARCHITECTURE_AND_RED_TEAM_REPORT.md	C4C7B2B8C2BEB2BB6AFBBC41E052B9527A9C0A4E863076E3C7585B9D68C6AFF0	applications/docs/FSATS/05_RED_TEAM_AND_REVIEWS/P0-A/31_P0A_FRESH_POST_CHANGE_ARCHITECTURE_AND_RED_TEAM_REPORT.md
32_P0A_FINAL_OWNER_ACCEPTANCE_AND_CLOSURE_RECORD.md	B5F125EBC4B95BAADE68E59B7597805B900131732130ABECF7AAE74FCC682EA1	applications/docs/FSATS/04_OWNER_DECISIONS/CLOSURE/32_P0A_FINAL_OWNER_ACCEPTANCE_AND_CLOSURE_RECORD.md
33_P0B_START_AND_SOURCE_CONTROL_RECORD.md	DD14521CDC58DA0A70C929453E91C230D2519E09F3F7485E3A096AFAA7AF8C89	applications/docs/FSATS/06_ARCHIVE/HISTORICAL_RECORDS/33_P0B_START_AND_SOURCE_CONTROL_RECORD.md
34_P0B_V1_3_MATERIAL_CONCEPT_REVIEW_DIFFERENCE_AND_DISPOSITION_LEDGER.md	D19B9278F446496FB43760F96C8990080B8B572ABD45AC04146F5AFADF67769E	applications/docs/FSATS/03_CURRENT_APPROVED_DESIGN/PART_0/P0-B/34_P0B_V1_3_MATERIAL_CONCEPT_REVIEW_DIFFERENCE_AND_DISPOSITION_LEDGER.md
35_P0B_MATERIAL_CONCEPT_SUPPLEMENT_AND_PACKAGE_COVERAGE_REPORT.md	99090EB12CB593325ED730D5A2F2B2202892FE6BF51D854B3678B89D7B75AE21	applications/docs/FSATS/03_CURRENT_APPROVED_DESIGN/PART_0/P0-B/35_P0B_MATERIAL_CONCEPT_SUPPLEMENT_AND_PACKAGE_COVERAGE_REPORT.md
36_P0B_PRE_RED_TEAM_ALIGNMENT_CORRECTIONS.md	C2FB33995386468EE2FB008F09516F53D32B42F97E588FA790692EC58BEA0248	applications/docs/FSATS/03_CURRENT_APPROVED_DESIGN/PART_0/P0-B/36_P0B_PRE_RED_TEAM_ALIGNMENT_CORRECTIONS.md
37_P0B_273_FILE_SEMANTIC_COVERAGE_MAP.md	51FA224D3AAB335F0884A46B138E1EE9F1D78E487E416BFB81F8FA0C44CCBAAB	applications/docs/FSATS/03_CURRENT_APPROVED_DESIGN/PART_0/P0-B/37_P0B_273_FILE_SEMANTIC_COVERAGE_MAP.md
38_P0B_EFFECTIVE_DISPOSITION_NORMALIZATION.md	3FC6609315C38963E7DE5EEE3CF18DCA87BE80D3FAF8B743A2F828D46E8C7852	applications/docs/FSATS/03_CURRENT_APPROVED_DESIGN/PART_0/P0-B/38_P0B_EFFECTIVE_DISPOSITION_NORMALIZATION.md
39_P0B_CURRENT_REVIEW_CANDIDATE_BINDING.md	E2B69F13889D6AE56CC7D537497F9337B285484FD792F2B91D71D2F19BFE3CEA	applications/docs/FSATS/06_ARCHIVE/FAILED_CANDIDATES/39_P0B_CURRENT_REVIEW_CANDIDATE_BINDING.md
40_P0B_INITIAL_ARCHITECTURE_AND_RED_TEAM_REPORT.md	C4CD5673E8DBB96CCAFAE062AA9185E78C4098720116010DF7279BE4C35FA040	applications/docs/FSATS/05_RED_TEAM_AND_REVIEWS/P0-B/40_P0B_INITIAL_ARCHITECTURE_AND_RED_TEAM_REPORT.md
41_P0B_MANDATORY_DIFFERENCE_DETAIL_AND_OWNER_RECORD_RECONCILIATION.md	084096F5297C68E5DC561C16C8B89DAE086ABC1C6886B451EC235F3D414FE7B5	applications/docs/FSATS/03_CURRENT_APPROVED_DESIGN/PART_0/P0-B/41_P0B_MANDATORY_DIFFERENCE_DETAIL_AND_OWNER_RECORD_RECONCILIATION.md
42_P0B_POST_REMEDIATION_CURRENT_CANDIDATE_BINDING.md	4513128A01CCF30D680A8E639D6462ABE1D8DAE036BC583117F5A15DC1FBAFFC	applications/docs/FSATS/06_ARCHIVE/FAILED_CANDIDATES/42_P0B_POST_REMEDIATION_CURRENT_CANDIDATE_BINDING.md
43_P0B_FRESH_POST_REMEDIATION_RED_TEAM_REPORT.md	D132A3273EFE1F4338F0210BC5F34F26043DB9AA5432EB7898EE322222D0E50D	applications/docs/FSATS/05_RED_TEAM_AND_REVIEWS/P0-B/43_P0B_FRESH_POST_REMEDIATION_RED_TEAM_REPORT.md
44_P0B_ALTERNATIVE_CHALLENGE_AND_DOWNSTREAM_EVIDENCE_OBLIGATION_REGISTER.md	40BB9518A22F4ACEEEE7BC0B700D4B056EBC8296E0CF00A472B32CD0A64A849D	applications/docs/FSATS/03_CURRENT_APPROVED_DESIGN/PART_0/P0-B/44_P0B_ALTERNATIVE_CHALLENGE_AND_DOWNSTREAM_EVIDENCE_OBLIGATION_REGISTER.md
45_P0B_SECOND_REMEDIATION_CURRENT_CANDIDATE_BINDING.md	F1FC130C17670F94894E1965725CB0C4B604EFC79A191FBD81F12301319A94E0	applications/docs/FSATS/06_ARCHIVE/FAILED_CANDIDATES/45_P0B_SECOND_REMEDIATION_CURRENT_CANDIDATE_BINDING.md
46_P0B_THIRD_FRESH_RED_TEAM_REPORT.md	E9DD2E6827CC2A5DCA9E810C33D37F47575D980CBD2F767A2F1673DCCA387519	applications/docs/FSATS/05_RED_TEAM_AND_REVIEWS/P0-B/46_P0B_THIRD_FRESH_RED_TEAM_REPORT.md
47_P0B_DEFERRED_SCOPE_PROOF_OBLIGATION_CORRECTION.md	C1563C87C33C2FA75E6702A3D8E6863833A35437BB75C23FC4DEBC14CA54DFB9	applications/docs/FSATS/03_CURRENT_APPROVED_DESIGN/PART_0/P0-B/47_P0B_DEFERRED_SCOPE_PROOF_OBLIGATION_CORRECTION.md
48_P0B_FINAL_ZERO_ERROR_REVIEW_CANDIDATE_BINDING.md	3A35675CE870B57DBE43F13EEE8E246CC5057F23AA2354514C7546E787EEEC69	applications/docs/FSATS/05_RED_TEAM_AND_REVIEWS/P0-B/BINDINGS/48_P0B_FINAL_ZERO_ERROR_REVIEW_CANDIDATE_BINDING.md
49_P0B_FINAL_ZERO_ERROR_ARCHITECTURE_AND_RED_TEAM_REPORT.md	D61681DC6F56E40D8AD10E9DE4C6E5CCE83A37DDA1A54B68534F902FFDB0AAC9	applications/docs/FSATS/05_RED_TEAM_AND_REVIEWS/P0-B/49_P0B_FINAL_ZERO_ERROR_ARCHITECTURE_AND_RED_TEAM_REPORT.md
50_P0B_FINAL_OWNER_ACCEPTANCE_AND_CLOSURE_RECORD.md	3EFCB0F80165D9B196A38853E32AE890D9F85DF531BF58291910C2CA390925C9	applications/docs/FSATS/04_OWNER_DECISIONS/CLOSURE/50_P0B_FINAL_OWNER_ACCEPTANCE_AND_CLOSURE_RECORD.md
51_P0C_START_AND_SCOPE_CONTROL_RECORD.md	415EC059868A60534CDCAC2F58F1C39693A23426695FA4CBE043991346956EB8	applications/docs/FSATS/06_ARCHIVE/HISTORICAL_RECORDS/51_P0C_START_AND_SCOPE_CONTROL_RECORD.md
52_P0C_APPLICATION_TOPOLOGY_OWNERSHIP_AND_AWARENESS_CANDIDATE.md	B7634495EB20ABB1F1969FBF345C5F7C633AAAEDF80BD85C4CFBD58B5C709D37	applications/docs/FSATS/06_ARCHIVE/SUPERSEDED/52_P0C_APPLICATION_TOPOLOGY_OWNERSHIP_AND_AWARENESS_CANDIDATE.md
53_P0C_INITIAL_ARCHITECTURE_AND_RED_TEAM_REPORT.md	02D2A7FE174447B41DB2C9BCFD1CB8E1F06777F42DBA8A434E86CCC5C04DFC27	applications/docs/FSATS/05_RED_TEAM_AND_REVIEWS/P0-C/53_P0C_INITIAL_ARCHITECTURE_AND_RED_TEAM_REPORT.md
54_P0C_REMEDIATED_CONSOLIDATED_TOPOLOGY_CANDIDATE.md	7549C9915445DDE28B735C860E2EE82EC2E3A8C3782BB950B1FA81EA5DC883A7	applications/docs/FSATS/03_CURRENT_APPROVED_DESIGN/PART_0/P0-C/54_P0C_REMEDIATED_CONSOLIDATED_TOPOLOGY_CANDIDATE.md
55_P0C_SECOND_FRESH_RED_TEAM_REPORT.md	C9D38F6A964DE1FBF5457A7451912D9C0566FDA2C204BE47500249C0B77A1AB9	applications/docs/FSATS/05_RED_TEAM_AND_REVIEWS/P0-C/55_P0C_SECOND_FRESH_RED_TEAM_REPORT.md
56_P0C_BRANCH_QUALIFICATION_AND_IDENTITY_HARDENING.md	F906946EF433F418A08F65BE85D30DBF8D2A32EDFD166F32489B8EF152133F29	applications/docs/FSATS/03_CURRENT_APPROVED_DESIGN/PART_0/P0-C/56_P0C_BRANCH_QUALIFICATION_AND_IDENTITY_HARDENING.md
57_P0C_ZERO_ERROR_REVIEW_CANDIDATE_BINDING.md	5D831DBABA229C8EBC4B5E3D70BEDEAE570FDBCF5D3E5E76F7617412ED95EA6C	applications/docs/FSATS/06_ARCHIVE/OLD_BINDINGS/57_P0C_ZERO_ERROR_REVIEW_CANDIDATE_BINDING.md
58_P0C_FINAL_ZERO_ERROR_ARCHITECTURE_AND_RED_TEAM_REPORT.md	D9E8A9A571A75E00E3F7CA83A89B5FF54CEC3519FA16356DB3158769075735C5	applications/docs/FSATS/05_RED_TEAM_AND_REVIEWS/P0-C/58_P0C_FINAL_ZERO_ERROR_ARCHITECTURE_AND_RED_TEAM_REPORT.md
59_P0C_OWNER_REVIEW_RESEARCH_ONLY_INTERNET_ACCESS_CLARIFICATION.md	D4EF7C27FB2132352152F996783677F5DE888B30A58C430BE1556C357A7D957B	applications/docs/FSATS/04_OWNER_DECISIONS/CHANGES/59_P0C_OWNER_REVIEW_RESEARCH_ONLY_INTERNET_ACCESS_CLARIFICATION.md
60_P0C_POST_OWNER_CLARIFICATION_ZERO_ERROR_RED_TEAM_REPORT.md	A5639AEADB57F260D36F17C85D1D941FA343A3B67023347E76C8CB1F60ADB15E	applications/docs/FSATS/05_RED_TEAM_AND_REVIEWS/P0-C/60_P0C_POST_OWNER_CLARIFICATION_ZERO_ERROR_RED_TEAM_REPORT.md
61_P0C_UNIFIED_BOUNDED_AUTONOMOUS_EVOLUTION_CONTROL_MODEL.md	89CFF8B8FA270FC59D857989F42FF4E01AEC751468506F0F479BAB24FC33D89B	applications/docs/FSATS/03_CURRENT_APPROVED_DESIGN/PART_0/P0-C/61_P0C_UNIFIED_BOUNDED_AUTONOMOUS_EVOLUTION_CONTROL_MODEL.md
61A_P0C_AUTONOMOUS_EVOLUTION_MANIFEST_LIFECYCLE_AND_DELEGATION_HARDENING.md	DEBB96416FC754A9C301D98AD823EAD72976C7740DE223578D3146DECDF9BEDC	applications/docs/FSATS/03_CURRENT_APPROVED_DESIGN/PART_0/P0-C/61A_P0C_AUTONOMOUS_EVOLUTION_MANIFEST_LIFECYCLE_AND_DELEGATION_HARDENING.md
61B_P0C_SCOPE_ENFORCEMENT_OWNER_COMMAND_AND_TIMER_INTEGRITY_HARDENING.md	7AC79346E2DD247953337F6C2220C5F0C8D2ABCC49B279FA5D2E345C65471E7B	applications/docs/FSATS/03_CURRENT_APPROVED_DESIGN/PART_0/P0-C/61B_P0C_SCOPE_ENFORCEMENT_OWNER_COMMAND_AND_TIMER_INTEGRITY_HARDENING.md
61C_P0C_FSA_NON_TRADING_GOVERNANCE_BOUNDARY_HARDENING.md	02D26935B3E584585A641A657A26700EADF7A946CBF392F11B8E9A3A92B49DA4	applications/docs/FSATS/03_CURRENT_APPROVED_DESIGN/PART_0/P0-C/61C_P0C_FSA_NON_TRADING_GOVERNANCE_BOUNDARY_HARDENING.md
62_P0C_UNIFIED_AUTONOMOUS_EVOLUTION_FRESH_ARCHITECTURE_AND_RED_TEAM_REPORT.md	BBA13A75EB213DA1345FF59A381D2B162F8D6B37330D3F43D3184AAB476610BF	applications/docs/FSATS/05_RED_TEAM_AND_REVIEWS/P0-C/62_P0C_UNIFIED_AUTONOMOUS_EVOLUTION_FRESH_ARCHITECTURE_AND_RED_TEAM_REPORT.md
63_P0C_UNIFIED_AUTONOMOUS_EVOLUTION_EXACT_CANDIDATE_BINDING.md	02430F492BC88C940DED50A28FFB5F162910F3DAE4314C2D68B00097909564AC	applications/docs/FSATS/06_ARCHIVE/OLD_BINDINGS/63_P0C_UNIFIED_AUTONOMOUS_EVOLUTION_EXACT_CANDIDATE_BINDING.md
64_P0C_UNIFIED_AUTONOMOUS_EVOLUTION_FINAL_CONFIRMATION_REVIEW.md	E8ADEEF845B522B438B722BB770BEAB2479D8C23567DB88FE4FA0E269E0A3BA1	applications/docs/FSATS/05_RED_TEAM_AND_REVIEWS/P0-C/64_P0C_UNIFIED_AUTONOMOUS_EVOLUTION_FINAL_CONFIRMATION_REVIEW.md
65_FCR0012_FSA_BOUNDARY_FRESH_RED_TEAM_REPORT.md	91275BB279D643CCE61C32400C1F8F2E7A002C3B3B77ED7992F51FE677E745F6	applications/docs/FSATS/05_RED_TEAM_AND_REVIEWS/P0-C/65_FCR0012_FSA_BOUNDARY_FRESH_RED_TEAM_REPORT.md
66_P0C_COMPREHENSIVE_PRE_REMEDIATION_RED_TEAM_REPORT.md	144E44FC5177FBF710A6E8D8E9B6715914ACA387F7587E049B1E41904B462DE6	applications/docs/FSATS/05_RED_TEAM_AND_REVIEWS/P0-C/66_P0C_COMPREHENSIVE_PRE_REMEDIATION_RED_TEAM_REPORT.md
67_P0C_FULLY_INTEGRATED_POST_REMEDIATION_RED_TEAM_REPORT.md	C4CA18E1AF0770B2B198D8CBB450AF7D66C72DD1CA2D73B3A3FFE910B4122CBC	applications/docs/FSATS/05_RED_TEAM_AND_REVIEWS/P0-C/67_P0C_FULLY_INTEGRATED_POST_REMEDIATION_RED_TEAM_REPORT.md
68_P0C_FINAL_OWNER_ACCEPTANCE_AND_CLOSURE_RECORD.md	9FB76A55DA61BCCB9C9973F8ECC55417D661488B89F1D2262AD54C9AB3E48438	applications/docs/FSATS/04_OWNER_DECISIONS/CLOSURE/68_P0C_FINAL_OWNER_ACCEPTANCE_AND_CLOSURE_RECORD.md
69_P0C_POST_CLOSURE_OPERATIONAL_STATUS.md	71CFDF7AE3DA39D87813A400870219185F2EA8C8EAC36CD2893AFB59449B5D61	applications/docs/FSATS/06_ARCHIVE/HISTORICAL_RECORDS/69_P0C_POST_CLOSURE_OPERATIONAL_STATUS.md
70_P0D_START_AND_SCOPE_CONTROL_RECORD.md	D8D8EC3D55A5E6191A709A6F6623EBD578D5BFF47D3981C4D58CE66DC4578AAB	applications/docs/FSATS/06_ARCHIVE/HISTORICAL_RECORDS/70_P0D_START_AND_SCOPE_CONTROL_RECORD.md
71_P0D_FOUNDATION_ALIGNMENT_AND_ANTI_REIMPLEMENTATION_MATRIX.md	B38120A0C6EE54BEDB8FB821B6985EB71F0335553AECCDA43BDC7C90E4961F74	applications/docs/FSATS/03_CURRENT_APPROVED_DESIGN/PART_0/P0-D/71_P0D_FOUNDATION_ALIGNMENT_AND_ANTI_REIMPLEMENTATION_MATRIX.md
71A_P0D_BOUNDARY_SEMANTIC_HARDENING.md	29FBDD6CFA2EEC91D9702EFF7A1827A22FCD1BF630242E1BCEA6A50867219360	applications/docs/FSATS/03_CURRENT_APPROVED_DESIGN/PART_0/P0-D/71A_P0D_BOUNDARY_SEMANTIC_HARDENING.md
72_P0D_FRESH_ARCHITECTURE_AND_RED_TEAM_REPORT.md	84EF38875B65663CEF1F3378E122CD15FB2A4AEFAA795594A169FDA6182F09AC	applications/docs/FSATS/05_RED_TEAM_AND_REVIEWS/P0-D/72_P0D_FRESH_ARCHITECTURE_AND_RED_TEAM_REPORT.md
73_P0D_FINAL_OWNER_ACCEPTANCE_AND_CLOSURE_RECORD.md	8FADCA09F7128B742D1985494EEB9B0951906AC23ED12CE2266E401282A7005D	applications/docs/FSATS/04_OWNER_DECISIONS/CLOSURE/73_P0D_FINAL_OWNER_ACCEPTANCE_AND_CLOSURE_RECORD.md
74_P0D_POST_CLOSURE_OPERATIONAL_STATUS.md	A7D3EBC6577FA4F0C35575D079593A5B86B031DBE5133C1B6E1873B6BE9605BA	applications/docs/FSATS/06_ARCHIVE/HISTORICAL_RECORDS/74_P0D_POST_CLOSURE_OPERATIONAL_STATUS.md
75_P0E_START_AND_SCOPE_CONTROL_RECORD.md	41A55175FB653A6AB248377D13DA72569E97E48183D502A0EF48FC83B0A1C55B	applications/docs/FSATS/06_ARCHIVE/HISTORICAL_RECORDS/75_P0E_START_AND_SCOPE_CONTROL_RECORD.md
76_P0E_CANONICAL_APPLICATION_IDENTITY_AND_MANIFEST_CONTRACT.md	21C8BB839F5D568D14911BF9C9C688C590EF07F813BAF6E3CFBBD03C909E6A46	applications/docs/FSATS/06_ARCHIVE/SUPERSEDED/76_P0E_CANONICAL_APPLICATION_IDENTITY_AND_MANIFEST_CONTRACT.md
76A_P0E_OWNER_CAPABILITY_AND_UNRESOLVED_FIELD_HARDENING.md	8F2CDFC8527727D3C5395459060936FEE3F6B087074233ED1221CADC851CF9C2	applications/docs/FSATS/06_ARCHIVE/SUPERSEDED/76A_P0E_OWNER_CAPABILITY_AND_UNRESOLVED_FIELD_HARDENING.md
76B_P0E_FALCON_CONTAINER_AND_SHARED_APPLICATION_SCOPE_HARDENING.md	7ED5003A854FF6E4572A82B2B9ED86603229C88CF13BB8ACE32F9B00F8CE494B	applications/docs/FSATS/06_ARCHIVE/SUPERSEDED/76B_P0E_FALCON_CONTAINER_AND_SHARED_APPLICATION_SCOPE_HARDENING.md
76C_P0E_FSTSIMA_TRADING_CONTAINER_PLACEMENT_HARDENING.md	02795554880FE279FE17AB84ECFEA0F7849EE4CD0E8537899C6B70C7DFC55620	applications/docs/FSATS/06_ARCHIVE/SUPERSEDED/76C_P0E_FSTSIMA_TRADING_CONTAINER_PLACEMENT_HARDENING.md
77_P0E_INITIAL_ARCHITECTURE_AND_RED_TEAM_REPORT.md	14256A53D23E6EC66D2A1D1645C2CF5F7CE681B1B71FEEB0E90346887C778577	applications/docs/FSATS/05_RED_TEAM_AND_REVIEWS/P0-E/77_P0E_INITIAL_ARCHITECTURE_AND_RED_TEAM_REPORT.md
78_P0E_FRESH_POST_REMEDIATION_ARCHITECTURE_AND_RED_TEAM_REPORT.md	DF4649E4C42BF37D5D97E98ED0F705B9FFC93E0B950DE5DE824AA2043DA60FE0	applications/docs/FSATS/05_RED_TEAM_AND_REVIEWS/P0-E/78_P0E_FRESH_POST_REMEDIATION_ARCHITECTURE_AND_RED_TEAM_REPORT.md
79_P0E_POST_OWNER_CONTAINER_CLARIFICATION_ARCHITECTURE_AND_RED_TEAM_REPORT.md	481FA0DC7902AC47924A9F5910A16F7D674BA226B02446712BAE17AAFE28283B	applications/docs/FSATS/05_RED_TEAM_AND_REVIEWS/P0-E/79_P0E_POST_OWNER_CONTAINER_CLARIFICATION_ARCHITECTURE_AND_RED_TEAM_REPORT.md
80_P0E_POST_FSTSIMA_PLACEMENT_ARCHITECTURE_AND_RED_TEAM_REPORT.md	D052DC6628CB68A27D83D2F2E6BB60A496F1D0F7C940F7389BBCC4A76FE4B319	applications/docs/FSATS/05_RED_TEAM_AND_REVIEWS/P0-E/80_P0E_POST_FSTSIMA_PLACEMENT_ARCHITECTURE_AND_RED_TEAM_REPORT.md
81_P0E_COMPREHENSIVE_PRE_REMEDIATION_RED_TEAM_REPORT.md	C0B27ED14242B523AB72EB3AF2BFD43F94A101AEA33AA86430546A1C5E90EEC4	applications/docs/FSATS/05_RED_TEAM_AND_REVIEWS/P0-E/81_P0E_COMPREHENSIVE_PRE_REMEDIATION_RED_TEAM_REPORT.md
82_P0E_CONSOLIDATED_EFFECTIVE_APPLICATION_CONTAINER_MANIFEST_CANDIDATE.md	2F991D2DAEA25D9AD5640E806B8C8AD70FA97DF664CF159E9E48856D124DE5EC	applications/docs/FSATS/03_CURRENT_APPROVED_DESIGN/PART_0/P0-E/82_P0E_CONSOLIDATED_EFFECTIVE_APPLICATION_CONTAINER_MANIFEST_CANDIDATE.md
82A_P0E_CONTAINER_IDENTITY_VS_CON023_MANIFEST_BOUNDARY_HARDENING.md	F9B81E94EDA6B46905900C5DA1FE68BCF0C30255685AAB4A0795DF048A81ABEB	applications/docs/FSATS/03_CURRENT_APPROVED_DESIGN/PART_0/P0-E/82A_P0E_CONTAINER_IDENTITY_VS_CON023_MANIFEST_BOUNDARY_HARDENING.md
83_P0E_SECOND_COMPREHENSIVE_PRE_REMEDIATION_RED_TEAM_REPORT.md	4799A1EC8FA637C84B3246DC0AE3F6A29EB3B8528A08BCEE3343C8DA2476CDDF	applications/docs/FSATS/05_RED_TEAM_AND_REVIEWS/P0-E/83_P0E_SECOND_COMPREHENSIVE_PRE_REMEDIATION_RED_TEAM_REPORT.md
84_P0E_EXACT_CURRENT_CANDIDATE_BINDING.md	C17817835FCDBACB0C6833AF11AD9C83F1CFB52210F6F8EB10ED6A6D33C155BA	applications/docs/FSATS/05_RED_TEAM_AND_REVIEWS/P0-E/BINDINGS/84_P0E_EXACT_CURRENT_CANDIDATE_BINDING.md
85_P0E_FRESH_FULL_POST_REMEDIATION_ARCHITECTURE_AND_RED_TEAM_REPORT.md	F17AB74C4C6400952F4FF77A34BA34512F1FEA037C10206AEF9AAE8F52AC7C6A	applications/docs/FSATS/05_RED_TEAM_AND_REVIEWS/P0-E/85_P0E_FRESH_FULL_POST_REMEDIATION_ARCHITECTURE_AND_RED_TEAM_REPORT.md
86_P0E_FINAL_OWNER_ACCEPTANCE_AND_CLOSURE_RECORD.md	5E852D4BA6834BE754441FE271AA5E481DF88BECC433FC1D723EC6C3FA919F39	applications/docs/FSATS/04_OWNER_DECISIONS/CLOSURE/86_P0E_FINAL_OWNER_ACCEPTANCE_AND_CLOSURE_RECORD.md
87_P0E_POST_CLOSURE_OPERATIONAL_STATUS.md	DA97F5AFA15BCC75F48208F561DC7343047578FE7A2A8056A988A057DF018EB9	applications/docs/FSATS/06_ARCHIVE/HISTORICAL_RECORDS/87_P0E_POST_CLOSURE_OPERATIONAL_STATUS.md
88_P0F_START_AND_SCOPE_CONTROL_RECORD.md	B0001E6C78609010797EA79B22FC94CB34791E31324E289DF60E71D032EBCCAF	applications/docs/FSATS/06_ARCHIVE/HISTORICAL_RECORDS/88_P0F_START_AND_SCOPE_CONTROL_RECORD.md
89_P0F_CANONICAL_CROSS_APPLICATION_CONTRACT_AND_INFORMATION_FLOW_CANDIDATE.md	EE24415BC1239CB31142A750495576A110CA3FC8FF5B9ACDB6211E0EB4849FCE	applications/docs/FSATS/03_CURRENT_APPROVED_DESIGN/PART_0/P0-F/89_P0F_CANONICAL_CROSS_APPLICATION_CONTRACT_AND_INFORMATION_FLOW_CANDIDATE.md
89A_P0F_EXACT_SHARED_APPLICATION_AND_COVERAGE_HARDENING.md	0D61F8E1CBA8092AB0203831D82493C7DF96BB77874623C2CC63231F888430CD	applications/docs/FSATS/03_CURRENT_APPROVED_DESIGN/PART_0/P0-F/89A_P0F_EXACT_SHARED_APPLICATION_AND_COVERAGE_HARDENING.md
89B_P0F_BILATERAL_DECLARATION_AUTHORITY_SECURITY_AND_VERSION_HARDENING.md	AE25E8127E1E831AE8D3B3BE7A453A765A315C4789B55665F5E92AAF7CF12D35	applications/docs/FSATS/03_CURRENT_APPROVED_DESIGN/PART_0/P0-F/89B_P0F_BILATERAL_DECLARATION_AUTHORITY_SECURITY_AND_VERSION_HARDENING.md
89C_P0F_END_TO_END_INFORMATION_FLOW_AND_SECURITY_BINDING_HARDENING.md	101050DD1F64F4410043855FD66E1C192A01908B230837AEA78538257C71F141	applications/docs/FSATS/03_CURRENT_APPROVED_DESIGN/PART_0/P0-F/89C_P0F_END_TO_END_INFORMATION_FLOW_AND_SECURITY_BINDING_HARDENING.md
89D_P0F_USER_COMMAND_SCOPE_AND_ACCOUNTABILITY_HARDENING.md	3018904F827368E75143A78D7374D61911CC00193E2E1644A51DD7E7D23492A6	applications/docs/FSATS/03_CURRENT_APPROVED_DESIGN/PART_0/P0-F/89D_P0F_USER_COMMAND_SCOPE_AND_ACCOUNTABILITY_HARDENING.md
89E_P0F_USER_STOP_ORDER_RACE_AND_PENDING_EXPOSURE_HARDENING.md	B94499409778CB397E4756B59447166CE6804E239E2E645F1CA130051DF5E7C4	applications/docs/FSATS/03_CURRENT_APPROVED_DESIGN/PART_0/P0-F/89E_P0F_USER_STOP_ORDER_RACE_AND_PENDING_EXPOSURE_HARDENING.md
89F_P0F_OWNER_TRADING_OVERRIDE_AUTHORITY_AND_ACCOUNTABILITY_HARDENING.md	B2E1F119DFA0E2CCE1C55E0A648D47EF582817ECD7B602C363BDDA68AD81D22D	applications/docs/FSATS/03_CURRENT_APPROVED_DESIGN/PART_0/P0-F/89F_P0F_OWNER_TRADING_OVERRIDE_AUTHORITY_AND_ACCOUNTABILITY_HARDENING.md
89G_P0F_OWNER_COMMAND_PRECEDENCE_AND_NON_OVERRIDABLE_USER_SCOPE_HARDENING.md	EED60072A1ED8F23E3C3CEEC8D7B730C4BCD579810EE238E25C17600A2D44D1D	applications/docs/FSATS/03_CURRENT_APPROVED_DESIGN/PART_0/P0-F/89G_P0F_OWNER_COMMAND_PRECEDENCE_AND_NON_OVERRIDABLE_USER_SCOPE_HARDENING.md
89H_P0F_SUBSCRIPTION_EXPIRY_AND_POSITION_LIFECYCLE_HARDENING.md	ADC7206F82C2D0BB89A134F5B0D9939BFE5AAC302066D86C03741E7EFF654720	applications/docs/FSATS/03_CURRENT_APPROVED_DESIGN/PART_0/P0-F/89H_P0F_SUBSCRIPTION_EXPIRY_AND_POSITION_LIFECYCLE_HARDENING.md
89I_P0F_POST_EXPIRY_MANAGED_EXIT_EXCEPTION_HARDENING.md	97BC04E8718319E9960AE3F76539453C3A985E6F6EA32F61EFE218182C00116C	applications/docs/FSATS/03_CURRENT_APPROVED_DESIGN/PART_0/P0-F/89I_P0F_POST_EXPIRY_MANAGED_EXIT_EXCEPTION_HARDENING.md
90_P0F_INITIAL_ARCHITECTURE_AND_RED_TEAM_REPORT.md	20713CDE077512AA162D70CED99B73BA6D931DB35AE3E96032975C4239653B72	applications/docs/FSATS/05_RED_TEAM_AND_REVIEWS/P0-F/90_P0F_INITIAL_ARCHITECTURE_AND_RED_TEAM_REPORT.md
91_P0F_EXACT_CURRENT_CANDIDATE_BINDING.md	F85A2967F8EAA5D7A23F449611FF52889FF9838AB365D23F7831B55B22678F69	applications/docs/FSATS/06_ARCHIVE/OLD_BINDINGS/91_P0F_EXACT_CURRENT_CANDIDATE_BINDING.md
92_P0F_FRESH_FULL_POST_REMEDIATION_ARCHITECTURE_AND_RED_TEAM_REPORT.md	6FC53F9D89D8077F832659B0F8BCC4890883850D3805C2E05F71067F96CF6F08	applications/docs/FSATS/05_RED_TEAM_AND_REVIEWS/P0-F/92_P0F_FRESH_FULL_POST_REMEDIATION_ARCHITECTURE_AND_RED_TEAM_REPORT.md
93_P0F_POST_USER_COMMAND_CHANGE_FULL_ARCHITECTURE_AND_RED_TEAM_REPORT.md	8778B0BAA13BD29C2E406DE98C97692657722F17A80EFEB459B54D4A867191B8	applications/docs/FSATS/05_RED_TEAM_AND_REVIEWS/P0-F/93_P0F_POST_USER_COMMAND_CHANGE_FULL_ARCHITECTURE_AND_RED_TEAM_REPORT.md
94_P0F_POST_OWNER_OVERRIDE_FULL_ARCHITECTURE_AND_RED_TEAM_REPORT.md	1FCE5638F76CE16E1DAEC85290E305E0F2AA146085C28C75E5EF30974A1D3E52	applications/docs/FSATS/05_RED_TEAM_AND_REVIEWS/P0-F/94_P0F_POST_OWNER_OVERRIDE_FULL_ARCHITECTURE_AND_RED_TEAM_REPORT.md
95_P0F_POST_OWNER_PRECEDENCE_FULL_ARCHITECTURE_AND_RED_TEAM_REPORT.md	25E6E9FF0FB58AC314175D532BD0274E7DA0F10FD9F543F8CAEE2D63EEB118F7	applications/docs/FSATS/05_RED_TEAM_AND_REVIEWS/P0-F/95_P0F_POST_OWNER_PRECEDENCE_FULL_ARCHITECTURE_AND_RED_TEAM_REPORT.md
96_P0F_POST_SUBSCRIPTION_LIFECYCLE_FULL_ARCHITECTURE_AND_RED_TEAM_REPORT.md	4ABFFB8C46EDD39050CF8E8BAF17DBEF8753C49D64711D59093A0699B8F9E9E9	applications/docs/FSATS/05_RED_TEAM_AND_REVIEWS/P0-F/96_P0F_POST_SUBSCRIPTION_LIFECYCLE_FULL_ARCHITECTURE_AND_RED_TEAM_REPORT.md
97_P0F_POST_EXPIRY_MANAGED_EXIT_FULL_ARCHITECTURE_AND_RED_TEAM_REPORT.md	828574EA09BD4E3E5E880544FFDC2F1F94E2FF3E44CC10FB59CBE05C624F568E	applications/docs/FSATS/05_RED_TEAM_AND_REVIEWS/P0-F/97_P0F_POST_EXPIRY_MANAGED_EXIT_FULL_ARCHITECTURE_AND_RED_TEAM_REPORT.md
98_P0F_FINAL_INTEGRATED_PRE_OWNER_REVIEW_BINDING.md	6AE68B4C7447FE09329F5A65E0C07C420B808008BC91A3E9DB6EE93401669C93	applications/docs/FSATS/05_RED_TEAM_AND_REVIEWS/P0-F/BINDINGS/98_P0F_FINAL_INTEGRATED_PRE_OWNER_REVIEW_BINDING.md
99_P0F_FINAL_FULL_PREDECESSOR_LINKAGE_AND_RED_TEAM_REPORT.md	68491261A2CC9FF8A6CBBC19993336A5EE29C38F4C96CDBC99C94825D1BE4D84	applications/docs/FSATS/05_RED_TEAM_AND_REVIEWS/P0-F/99_P0F_FINAL_FULL_PREDECESSOR_LINKAGE_AND_RED_TEAM_REPORT.md
README.md	4A39158FDDEC1B99D2D0CC4AE1C4F3D065579ABED42493B86D0159BB9E978D2C	applications/docs/FSATS/06_ARCHIVE/HISTORICAL_RECORDS/README.md
