"FCR","Issue","State","Title","UpdatedAt","URL"
"FCR-0002","2","CLOSED","[FCR-0002] FSATS - Example intake placeholder","2026-08-07T16:28:14Z","https://github.com/raed82iam/Falcon/issues/2"
"FCR-0003","3","CLOSED","[FCR-0003] Coordination - FCR workflow activation record","2026-08-07T16:28:35Z","https://github.com/raed82iam/Falcon/issues/3"
"FCR-0004","4","CLOSED","[FCR-0004] Falcon Trading Guardian - governed protection command route","2026-08-14T12:12:19Z","https://github.com/raed82iam/Falcon/issues/4"
"FCR-0005","5","CLOSED","[FCR-0005] FSAPMA - operational market-data delivery contract","2026-08-14T12:12:34Z","https://github.com/raed82iam/Falcon/issues/5"
"FCR-0006","6","CLOSED","[FCR-0006] FSATS Applications - event evidence and replay delivery","2026-08-14T12:12:49Z","https://github.com/raed82iam/Falcon/issues/6"
"FCR-0007","7","CLOSED","[FCR-0007] Falcon Trading Application - TARC Foundation resource request boundary","2026-08-10T03:40:15Z","https://github.com/raed82iam/Falcon/issues/7"
"FCR-0008","8","CLOSED","[FCR-0008] Falcon Awareness - research-only Internet egress boundary","2026-08-18T06:42:16Z","https://github.com/raed82iam/Falcon/issues/8"
"FCR-0009","9","CLOSED","[FCR-0009] FSATS Applications - latency deadline and QoS aware transport","2026-08-18T06:42:25Z","https://github.com/raed82iam/Falcon/issues/9"
"FCR-0010","10","CLOSED","[FCR-0010] FSATS Applications - resource pressure and load-shedding signals","2026-08-18T06:42:34Z","https://github.com/raed82iam/Falcon/issues/10"
"FCR-0011","11","CLOSED","[FCR-0011] FSTSimA - enforce non-Live isolation and egress guard","2026-08-18T06:43:01Z","https://github.com/raed82iam/Falcon/issues/11"
"FCR-0012","12","CLOSED","[FCR-0012] FSA - comprehensive Owner governance, integrity containment, monitoring and bounded evolution control plane","2026-08-18T06:43:30Z","https://github.com/raed82iam/Falcon/issues/12"
"FCR-0013","13","CLOSED","[FCR-0013] FSAPMA - governed operational provider egress and credential-reference boundary","2026-08-18T06:44:05Z","https://github.com/raed82iam/Falcon/issues/13"
"FCR-0014","14","CLOSED","[FCR-0014] Trading Execution - governed external broker execution egress and credential-reference boundary","2026-08-18T06:44:23Z","https://github.com/raed82iam/Falcon/issues/14"
"FCR-0016","16","CLOSED","[FCR-0016] Falcon Application - canonical cross-workstream Foundation artifact consumption boundary","2026-08-17T21:08:51Z","https://github.com/raed82iam/Falcon/issues/16"
"FCR-0029","29","CLOSED","[FCR-0029] Falcon Applications - WITHDRAWAL REQUESTED ΓÇö prior non-Trading resource-request clarification","2026-08-09T15:11:06Z","https://github.com/raed82iam/Falcon/issues/29"
"FCR-0030","30","CLOSED","[FCR-0030] Falcon Awareness - MSA to FSA governed interface and transport binding clarification","2026-08-18T06:44:45Z","https://github.com/raed82iam/Falcon/issues/30"
"FCR-0031","31","CLOSED","[FCR-0031] FSATS - aggregate resource-management boundary for FSARM","2026-08-18T06:45:01Z","https://github.com/raed82iam/Falcon/issues/31"
"FCR-0076","76","CLOSED","[FCR-0076] Shared Falcon Web - Foundation planning inputs for Web and Owner emergency mobile control","2026-08-18T21:06:11Z","https://github.com/raed82iam/Falcon/issues/76"
"FCR-0077","77","OPEN","[FCR-0077] Shared Falcon Web - Application-owned planning inputs for Web and emergency mobile control","2026-08-14T12:00:29Z","https://github.com/raed82iam/Falcon/issues/77"
"FCR-0080","80","CLOSED","[FCR-0080] FSATS - external communication contract model with Shared Applications and Foundation","2026-08-14T08:41:06Z","https://github.com/raed82iam/Falcon/issues/80"
"FCR-0081","81","CLOSED","[FCR-0081] Shared Falcon Web - FSATS user onboarding and external credential requirements","2026-08-14T08:23:53Z","https://github.com/raed82iam/Falcon/issues/81"
"FCR-0082","82","CLOSED","[FCR-0082] FSATS - generic AI/FSA containment and safety-continuity boundary","2026-08-18T20:49:02Z","https://github.com/raed82iam/Falcon/issues/82"
"FCR-0083","83","CLOSED","[FCR-0083] FSATS to Shared Web - AI-independent emergency visibility and control continuity","2026-08-14T07:31:51Z","https://github.com/raed82iam/Falcon/issues/83"
"FCR-0087","87","CLOSED","[FCR-0087] Foundation Coordination - Application ACK for future-stage Waiting On rule","2026-08-14T11:19:01Z","https://github.com/raed82iam/Falcon/issues/87"
"FCR-0088","88","CLOSED","[FCR-0088] Foundation Coordination - Shared Web ACK for future-stage Waiting On rule","2026-08-14T11:19:10Z","https://github.com/raed82iam/Falcon/issues/88"
"FCR-0092","92","CLOSED","[FCR-0092] Foundation - Shared Web-owned architecture and Foundation-facing clarification","2026-08-14T17:10:15Z","https://github.com/raed82iam/Falcon/issues/92"
"FCR-0094","94","CLOSED","[FCR-0094] Foundation - Application-owned Shared Web interaction and domain-boundary clarification","2026-08-14T17:10:30Z","https://github.com/raed82iam/Falcon/issues/94"
"FCR-0095","95","OPEN","[FCR-0095] Shared Web - Guardian user-targeted notification and action semantics","2026-08-19T18:07:09Z","https://github.com/raed82iam/Falcon/issues/95"
"FCR-0125","125","OPEN","[FCR-0125] Shared Falcon Web - chart market-data request/response and on-demand instrument contract","2026-08-19T18:07:24Z","https://github.com/raed82iam/Falcon/issues/125"
"FCR-0126","126","CLOSED","[FCR-0126] Shared Falcon Web - strategy and school chart-overlay projection contract","2026-08-16T19:50:20Z","https://github.com/raed82iam/Falcon/issues/126"
"FCR-0127","127","CLOSED","[FCR-0127] Shared Falcon Web - on-demand analysis request for instrument outside active universe","2026-08-16T19:50:36Z","https://github.com/raed82iam/Falcon/issues/127"
"FCR-0128","128","CLOSED","[FCR-0128] Shared Falcon Web - dynamic School/Strategy catalog and availability projection","2026-08-16T19:50:51Z","https://github.com/raed82iam/Falcon/issues/128"
"FCR-0130","130","CLOSED","[FCR-0130] Shared Falcon Web - detailed AI asset analysis and multi-strategy/school synthesis contract","2026-08-16T19:51:08Z","https://github.com/raed82iam/Falcon/issues/130"
"FCR-0133","133","CLOSED","[FCR-0133] Shared Falcon Web - customer portfolio positions trades and performance projection contract","2026-08-16T19:51:33Z","https://github.com/raed82iam/Falcon/issues/133"
"FCR-0152","152","CLOSED","[FCR-0152] Shared Falcon Web - authoritative Falcon identity session and MFA boundary","2026-08-18T21:06:23Z","https://github.com/raed82iam/Falcon/issues/152"
"FCR-0169","169","CLOSED","[FCR-0169] Shared Falcon Web - authoritative Falcon OS operational projection for truthful Web presentation","2026-08-17T22:45:15Z","https://github.com/raed82iam/Falcon/issues/169"
"FCR-0173","173","OPEN","[FCR-0173] Shared Falcon Web - Binance presentation-only provider egress","2026-08-19T18:07:54Z","https://github.com/raed82iam/Falcon/issues/173"
"FCR-0174","174","OPEN","[FCR-0174] Shared Falcon Web - Coinbase presentation-only provider egress","2026-08-19T18:08:08Z","https://github.com/raed82iam/Falcon/issues/174"
"FCR-0175","175","OPEN","[FCR-0175] Shared Falcon Web - Bybit presentation-only provider egress","2026-08-19T18:08:21Z","https://github.com/raed82iam/Falcon/issues/175"
"FCR-0176","176","OPEN","[FCR-0176] Shared Falcon Web - Alpaca IEX presentation-only provider egress","2026-08-19T18:23:09Z","https://github.com/raed82iam/Falcon/issues/176"
"FCR-0177","177","OPEN","[FCR-0177] Shared Falcon Web - Finnhub presentation-only provider egress","2026-08-19T18:23:25Z","https://github.com/raed82iam/Falcon/issues/177"
"FCR-0196","196","OPEN","[FCR-0196] Shared Falcon Web - Alpaca US-equity universe presentation-only REST egress","2026-08-19T18:23:40Z","https://github.com/raed82iam/Falcon/issues/196"
"FCR-0197","197","OPEN","[FCR-0197] Shared Falcon Web - Alpaca US-equity historical bars presentation-only REST egress","2026-08-19T18:23:56Z","https://github.com/raed82iam/Falcon/issues/197"
"FCR-0198","198","OPEN","[FCR-0198] Shared Falcon Web - Binance crypto Spot universe presentation-only REST egress","2026-08-19T18:24:09Z","https://github.com/raed82iam/Falcon/issues/198"
"FCR-0199","199","OPEN","[FCR-0199] Shared Falcon Web - Binance crypto Spot historical klines presentation-only REST egress","2026-08-19T18:24:24Z","https://github.com/raed82iam/Falcon/issues/199"
"FCR-0200","200","OPEN","[FCR-0200] Shared Falcon Web - Binance broad-market mini ticker presentation-only WebSocket egress","2026-08-19T18:24:38Z","https://github.com/raed82iam/Falcon/issues/200"
"FCR-0203","203","CLOSED","[FCR-0203] Shared Web - incident affected-position and FSTSimA shadow-monitoring projection semantics","2026-08-16T19:50:03Z","https://github.com/raed82iam/Falcon/issues/203"
"FCR-0220","220","OPEN","[FCR-0220] FSATS - advisory market onboarding, free-provider discovery, chart-source and Owner-action presentation semantics","2026-08-19T18:07:40Z","https://github.com/raed82iam/Falcon/issues/220"
"FCR-0224","224","CLOSED","[FCR-0224] Foundation - Falcon-wide independent AI Kill Control Plane and Safe Core survival","2026-08-17T21:09:08Z","https://github.com/raed82iam/Falcon/issues/224"
"FCR-0225","225","CLOSED","[FCR-0225] Foundation - Shared Web Owner AI Kill control path planning and binding","2026-08-16T19:46:52Z","https://github.com/raed82iam/Falcon/issues/225"
"FCR-0226","226","CLOSED","[FCR-0226] Foundation - Application AI target registration containment and Kill binding planning","2026-08-17T21:09:25Z","https://github.com/raed82iam/Falcon/issues/226"
"FCR-0235","235","CLOSED","[FCR-0235] Shared Falcon Web - Stage 16 identity FIL / Service Bus plug-and-play integration contract","2026-08-18T21:06:39Z","https://github.com/raed82iam/Falcon/issues/235"
"FCR-0237","237","CLOSED","[FCR-0237] Shared Falcon Web - standing Owner pre-approval policy and delegated auto-accept authority contract","2026-08-18T20:56:42Z","https://github.com/raed82iam/Falcon/issues/237"
"FCR-0238","238","CLOSED","[FCR-0238] FSATS to Shared Falcon Web - update classification semantics for Owner standing pre-approval list","2026-08-18T20:56:57Z","https://github.com/raed82iam/Falcon/issues/238"
"FCR-0239","239","CLOSED","[FCR-0239] Shared Falcon Web - Stage 14 operational projection FIL plug-and-play runtime integration contract","2026-08-17T22:45:03Z","https://github.com/raed82iam/Falcon/issues/239"
"FCR-0241","241","CLOSED","[FCR-0241] Shared Falcon Web - standing Owner preapproval and rollback command FIL transport contract","2026-08-18T20:56:31Z","https://github.com/raed82iam/Falcon/issues/241"
"FCR-0242","242","CLOSED","[FCR-0242] Shared Falcon Web - Project Owner permanent FSATS full feature entitlement contract","2026-08-18T21:06:52Z","https://github.com/raed82iam/Falcon/issues/242"
"FCR-0252","252","CLOSED","[FCR-0252] Falcon Application Workstream - pre-live-seal conformance to FDN-006/FDN-007","2026-08-19T06:48:39Z","https://github.com/raed82iam/Falcon/issues/252"
"FCR-0253","253","OPEN","[FCR-0253] Shared Falcon Web Workstream - pre-live-seal conformance to FDN-006/FDN-007","2026-08-19T20:26:04Z","https://github.com/raed82iam/Falcon/issues/253"
"FCR-0254","254","OPEN","[FCR-0254] FSATS Application - Part 11 runtime onboarding admission and registration handoff","2026-08-19T13:43:56Z","https://github.com/raed82iam/Falcon/issues/254"
