manifest_version	stage_id	work_package	accepted_scope_label	closure_evidence_kind	closure_evidence_locator	closure_evidence_sha256	closure_decision_commit_sha	accepted_technical_baseline_sha	executable_evidence_sha256	final_red_team_disposition	application_compatibility_disposition	historical_gate_note
1	STAGE6	WP-01	Canonical Resource Governance Primitives	CANONICAL_CLOSURE_RECORD	docs/canonical-records/owner-decisions/stage6/Stage6-WP01-Owner-Acceptance-And-Closure-20260808-230700/OWNER-ACCEPTANCE-AND-CLOSURE-STAGE6-WP01.txt	9A8888A05F4AABD6EA22AAAA1BF2B00C59D1B71171BF29A4FC1326E0959BD23D	3a54f284d63573771a29b7c0626175586bca2b7d	c1a3bb8369d02469cf913b05ca5beea7751a1ef7	C00C0DBA7DD5720BE47CC2E30A8187F5E5BCC360B1AB6DBA067E029B1771A13E	NOT_APPLICABLE_BY_HISTORICAL_GATE	NOT_APPLICABLE_BY_HISTORICAL_GATE	Historical closure records final Red-Team PASS but predate the later counted 0C/0H/0M disposition format; no retroactive format is imposed.
1	STAGE6	WP-02	Foundation Resource Truth, Protection Floors and Recovery Reserves	CANONICAL_CLOSURE_RECORD	docs/canonical-records/owner-decisions/stage6/Stage6-WP02-Owner-Acceptance-And-Closure-20260809-005600/OWNER-ACCEPTANCE-AND-CLOSURE-STAGE6-WP02.txt	CCC488D43240E5D9F43265277050824D91680FDFD3285FBEA18FDEB2E151E2AD	2daf0ac824769c06da9be5f552c8b82c03a61db7	454f8dc35440ef76e4b3e260ad760d83d2354fcf	630E046F604063268617116FB510BCDE448AB601243C7C7D25E9B0E5E18B4AA1	NOT_APPLICABLE_BY_HISTORICAL_GATE	NOT_APPLICABLE_BY_HISTORICAL_GATE	Historical closure records final Red-Team/Owner-readiness PASS but predate the later counted Red-Team and Application-compatibility gate format.
1	STAGE6	WP-03	Application Allocation, Quota, Ceiling and Isolation	CANONICAL_CLOSURE_RECORD	docs/canonical-records/owner-decisions/stage6/Stage6-WP03-Owner-Acceptance-And-Closure-20260809-0314/OWNER-ACCEPTANCE-AND-CLOSURE-STAGE6-WP03.txt	C13086F3CCBCE5B47B858BBAAA0783A7B9497D2A4AB7CB1C7D6A8CFE5215944E	ba6bccf525b8bf7b1749c5e3d228be4c14d82143	0df85c4273bf3d4625b815a8464909db8393f47e	918335CDBB4B78CE91231DCE64FAD65BE896C456CC8AD569EFBD86204EAF007C	NOT_APPLICABLE_BY_HISTORICAL_GATE	NOT_APPLICABLE_BY_HISTORICAL_GATE	Historical closure records Final Red-Team PASS and no blockers but predates the later counted Red-Team and Application-compatibility gate format.
1	STAGE6	WP-04	Cross-Application Priority and Technical Criticality Governance	CANONICAL_CLOSURE_RECORD	docs/canonical-records/owner-decisions/stage6/Stage6-WP04-Owner-Closure-20260809-070300/OWNER-CLOSURE-STAGE6-WP04.txt	3C5A3338FAE4EADA0E71347C7ACF9298E85DAC6E4CCC55F107040E7CD8754D2D	874d3d3ecdd438d4fcc350386e263a0f80dfd6f0	8a74f064daf5171bf8b9b7cca5653618215dc5b9	E2F16C6B078C1F523651BB04839987860ACBBFB8F4C1AEC61736177EE49CD6F8	NOT_APPLICABLE_BY_HISTORICAL_GATE	NOT_APPLICABLE_BY_HISTORICAL_GATE	Historical closure records Final Red-Team PASS and zero open blockers but predates the later counted Red-Team and Application-compatibility gate format.
1	STAGE6	WP-05	Resource Pressure, Preemption Eligibility and Enforcement-State Truth	CANONICAL_CLOSURE_RECORD	docs/canonical-records/owner-decisions/stage6/Stage6-WP05-Final-Closure-20260810/OWNER-CLOSURE-STAGE6-WP05.md	F1FD08E03DD49A5481EBD61E0A4C36AB376CA873BCB48A7215398517AD4CFC31	e72e6cd5cb8dd0f68ccc1514d7674c0d896203e9	67ae1f48c384b9340f005d29a38556076c1bbff4	816212CE4CD2F1D18D66C99A6904671465FEB1824437996613995B0ACEFEFDDB	PASS_0C_0H_0M	VERIFIED_ACK	NOT_APPLICABLE_CURRENT_GATE
1	STAGE6	WP-06	Additional Resource Request and Decision Boundary	CANONICAL_CLOSURE_RECORD	docs/canonical-records/owner-decisions/stage6/Stage6-WP06-Final-Closure-20260810/OWNER-CLOSURE-STAGE6-WP06.md	34DFFC850798C66240DA7F0FB801890209705227CA9E14CBCDF445FFFB17CBE7	a0265be1f097e6461d3003783e964b8d6427e619	38232e72a7441dfbc1d77b1b7d7559b21472c36c	75A4DB1A2D5AADDB4014EB191A5AC22412C625609349C9B973963F7228FA5400	PASS_0C_0H_0M	VERIFIED_ACK	NOT_APPLICABLE_CURRENT_GATE
1	STAGE6	WP-07	Reclamation, Redistribution, Rebalance and Restoration	CANONICAL_CLOSURE_RECORD	docs/canonical-records/owner-decisions/stage6/Stage6-WP07-Final-Closure-20260810/OWNER-CLOSURE-STAGE6-WP07.md	E114D0A1D40C2714A69C30B02902A4F194D14E9E1CE8878C64D92F1C04ABA764	88ad68ff81de49a2f9b5be9852baaf24df2398a4	5db97f6b99dafabe76baa4a1893ffb84e2cc119e	8D8913F0C1A031BAA8A916FB334368C8E32394E99113269E3102BCA3406FEA98	PASS_0C_0H_0M	VERIFIED_ACK	NOT_APPLICABLE_CURRENT_GATE
1	STAGE6	WP-08	Per-Application Resource State and Load-Shedding Signal Boundary	CANONICAL_CLOSURE_RECORD	docs/canonical-records/owner-decisions/stage6/Stage6-WP08-Final-Closure-20260810/OWNER-CLOSURE-STAGE6-WP08.md	1B349114429EB6D4995D188105B6F3D639492BBA53AEA5FBFDB36D6FF6C5EC5E	ecad22b7d0b94bba4518ac4131ba777219450a36	5a8533ac03f4f11a9a5d71ef60c7a48d6f0f095a	64C04E634D6DE31EF90FDC48BEE72484B29AB06A982D62B443608076E1735BE4	PASS_0C_0H_0M	VERIFIED_ACK	NOT_APPLICABLE_CURRENT_GATE
1	STAGE6	WP-09	Integration, Cross-Subsystem Consumption and Hardening	CANONICAL_CLOSURE_RECORD	docs/canonical-records/owner-decisions/stage6/Stage6-WP09-Final-Closure-20260810/OWNER-CLOSURE-STAGE6-WP09.md	9647358F619488A6C817817324181CD24896CF1058F8634037F82A3C914AC8B9	f62e4d1f343b053e6890479fa75333fcf734364c	8f2d65d05949e3e23d4fd045745043dfbc367f47	0E0EE0FDF8EB49EA5AD061B8D43494CAEF0B20C1ABEF3069DCC98DBD4CC45102	PASS_0C_0H_0M	VERIFIED_ACK	NOT_APPLICABLE_CURRENT_GATE
