B3C37561A83E4A6A605F9CF6A8E761C96934B221A132C83E423A0C2C2DC253EB	COPIED	C:\Falcon\Falcon1\docs\canonical-records\owner-decisions\stage4\Stage4-Planning-Authorization-20260805-195025.zip	SOURCE=C:\Falcon\Stage4\Owner-Decisions\Stage4-Planning-Authorization-20260805-195025.zip
A7DBE5FED9217882AE4684C10CE8A7D2911D8776A2099778FAD0B7CACD49845F	COPIED	C:\Falcon\Falcon1\docs\canonical-records\owner-decisions\stage4\Stage4-Planning-Authorization-20260805-195025\OWNER-AUTHORIZATION-FALCON-FOUNDATION-STAGE4-PLANNING.sha256.txt	SOURCE=C:\Falcon\Stage4\Owner-Decisions\Stage4-Planning-Authorization-20260805-195025\OWNER-AUTHORIZATION-FALCON-FOUNDATION-STAGE4-PLANNING.sha256.txt
63EA9D80168A96BF9C1750BC262D201866EDBCAB0BF9469758B3E43591455A3F	COPIED	C:\Falcon\Falcon1\docs\canonical-records\owner-decisions\stage4\Stage4-Planning-Authorization-20260805-195025\OWNER-AUTHORIZATION-FALCON-FOUNDATION-STAGE4-PLANNING.txt	SOURCE=C:\Falcon\Stage4\Owner-Decisions\Stage4-Planning-Authorization-20260805-195025\OWNER-AUTHORIZATION-FALCON-FOUNDATION-STAGE4-PLANNING.txt
A416DB5B3EAAD4DEE053D6FE8960B6000D951B3D7E31676E20393BE6D8149F50	COPIED	C:\Falcon\Falcon1\docs\canonical-records\owner-decisions\stage4\Stage4-Planning-Authorization-20260805-195025\Stage3-Final-Owner-Acceptance-20260805-171810.zip	SOURCE=C:\Falcon\Stage4\Owner-Decisions\Stage4-Planning-Authorization-20260805-195025\Stage3-Final-Owner-Acceptance-20260805-171810.zip
AD1D2DD5112687C63C39568328E3B00630F305B5E2D6CB61FA364597421058C7	COPIED	C:\Falcon\Falcon1\docs\canonical-records\owner-decisions\stage4\Stage4-WP01-Final-Owner-Acceptance-20260805-212009.zip	SOURCE=C:\Falcon\Stage4\Owner-Decisions\Stage4-WP01-Final-Owner-Acceptance-20260805-212009.zip
16B6DBE9088AB8DD5AD962FFB4DF4BE0BFC5CF7C4B849DBD6E13F845D2E9177A	COPIED	C:\Falcon\Falcon1\docs\canonical-records\owner-decisions\stage4\Stage4-WP01-Final-Owner-Acceptance-20260805-212009\GIT-STATUS.txt	SOURCE=C:\Falcon\Stage4\Owner-Decisions\Stage4-WP01-Final-Owner-Acceptance-20260805-212009\GIT-STATUS.txt
9762C3C4C7375C176EA7051C5E1D9A92B6DD4683DCA8BA6753A59A0C58DD81D9	COPIED	C:\Falcon\Falcon1\docs\canonical-records\owner-decisions\stage4\Stage4-WP01-Final-Owner-Acceptance-20260805-212009\OWNER-ACCEPTANCE-FALCON-FOUNDATION-STAGE4-WP01.sha256.txt	SOURCE=C:\Falcon\Stage4\Owner-Decisions\Stage4-WP01-Final-Owner-Acceptance-20260805-212009\OWNER-ACCEPTANCE-FALCON-FOUNDATION-STAGE4-WP01.sha256.txt
AC222D2F192E63F438197B0157C51536C81C9F010758C41A0ABFFA35B5D45BF3	COPIED	C:\Falcon\Falcon1\docs\canonical-records\owner-decisions\stage4\Stage4-WP01-Final-Owner-Acceptance-20260805-212009\OWNER-ACCEPTANCE-FALCON-FOUNDATION-STAGE4-WP01.txt	SOURCE=C:\Falcon\Stage4\Owner-Decisions\Stage4-WP01-Final-Owner-Acceptance-20260805-212009\OWNER-ACCEPTANCE-FALCON-FOUNDATION-STAGE4-WP01.txt
DCDF58EC33A62279F6F9B0C5EC0CCCBD1D50DD9C8356CB3F6A840B24BA648F40	COPIED	C:\Falcon\Falcon1\docs\canonical-records\owner-decisions\stage4\Stage4-WP01-Final-Owner-Acceptance-20260805-212009\Stage4-WP01-Implementation-20260805-210030.zip	SOURCE=C:\Falcon\Stage4\Owner-Decisions\Stage4-WP01-Final-Owner-Acceptance-20260805-212009\Stage4-WP01-Implementation-20260805-210030.zip
623298E249BF1380A9A9E68D38CDA0C1E92E273511D94A328B116284EFE28FB3	COPIED	C:\Falcon\Falcon1\docs\canonical-records\owner-decisions\stage4\Stage4-WP01-Final-Owner-Acceptance-20260805-212009\Stage4-WP01-Implementation-Authorization-20260805-205154.zip	SOURCE=C:\Falcon\Stage4\Owner-Decisions\Stage4-WP01-Final-Owner-Acceptance-20260805-212009\Stage4-WP01-Implementation-Authorization-20260805-205154.zip
67ACAC4131AC8CB11BD96F72F5184A47C3A93E7F4CAACECFB7237652104EFA10	COPIED	C:\Falcon\Falcon1\docs\canonical-records\owner-decisions\stage4\Stage4-WP01-Final-Owner-Acceptance-20260805-212009\Stage4-WP01-Review-Remediation-20260805-210928.zip	SOURCE=C:\Falcon\Stage4\Owner-Decisions\Stage4-WP01-Final-Owner-Acceptance-20260805-212009\Stage4-WP01-Review-Remediation-20260805-210928.zip
41DCE1925B614147F5A2C35D8205484749D5BB52A0331B10E59D23DA7724CC41	COPIED	C:\Falcon\Falcon1\docs\canonical-records\owner-decisions\stage4\Stage4-WP01-Final-Owner-Acceptance-20260805-212009\WP01-ACCEPTED-SOURCE-INVENTORY.txt	SOURCE=C:\Falcon\Stage4\Owner-Decisions\Stage4-WP01-Final-Owner-Acceptance-20260805-212009\WP01-ACCEPTED-SOURCE-INVENTORY.txt
2C71A9E6A3E61CF6774F78D80E65FB6B797D7B09B442AFD4EF850C24A624DD4C	COPIED	C:\Falcon\Falcon1\docs\canonical-records\owner-decisions\stage4\Stage4-WP01-Final-Owner-Acceptance-20260805-212009\WP01-CLOSURE-DOCUMENT-INVENTORY.txt	SOURCE=C:\Falcon\Stage4\Owner-Decisions\Stage4-WP01-Final-Owner-Acceptance-20260805-212009\WP01-CLOSURE-DOCUMENT-INVENTORY.txt
623298E249BF1380A9A9E68D38CDA0C1E92E273511D94A328B116284EFE28FB3	COPIED	C:\Falcon\Falcon1\docs\canonical-records\owner-decisions\stage4\Stage4-WP01-Implementation-Authorization-20260805-205154.zip	SOURCE=C:\Falcon\Stage4\Owner-Decisions\Stage4-WP01-Implementation-Authorization-20260805-205154.zip
F0F474CC7CAD705BBAAE860076B02EC9DF5DF006E10C5E551D6D390047FA552B	COPIED	C:\Falcon\Falcon1\docs\canonical-records\owner-decisions\stage4\Stage4-WP01-Implementation-Authorization-20260805-205154\OWNER-AUTHORIZATION-STAGE4-WP01-IMPLEMENTATION.sha256.txt	SOURCE=C:\Falcon\Stage4\Owner-Decisions\Stage4-WP01-Implementation-Authorization-20260805-205154\OWNER-AUTHORIZATION-STAGE4-WP01-IMPLEMENTATION.sha256.txt
1E302E9272620063B9BAC30BF6EF08E4135DF21D731710062A189AC8B798F086	COPIED	C:\Falcon\Falcon1\docs\canonical-records\owner-decisions\stage4\Stage4-WP01-Implementation-Authorization-20260805-205154\OWNER-AUTHORIZATION-STAGE4-WP01-IMPLEMENTATION.txt	SOURCE=C:\Falcon\Stage4\Owner-Decisions\Stage4-WP01-Implementation-Authorization-20260805-205154\OWNER-AUTHORIZATION-STAGE4-WP01-IMPLEMENTATION.txt
CD25161B264F6237A73DD01DAF2690DFDCDFC9606DC6C1464CED882EB2C3973F	COPIED	C:\Falcon\Falcon1\docs\canonical-records\owner-decisions\stage4\Stage4-WP01-Implementation-Authorization-20260805-205154\Stage4-Planning-Amendment-Candidate-20260805-204512.zip	SOURCE=C:\Falcon\Stage4\Owner-Decisions\Stage4-WP01-Implementation-Authorization-20260805-205154\Stage4-Planning-Amendment-Candidate-20260805-204512.zip
B3C37561A83E4A6A605F9CF6A8E761C96934B221A132C83E423A0C2C2DC253EB	COPIED	C:\Falcon\Falcon1\docs\canonical-records\owner-decisions\stage4\Stage4-WP01-Implementation-Authorization-20260805-205154\Stage4-Planning-Authorization-20260805-195025.zip	SOURCE=C:\Falcon\Stage4\Owner-Decisions\Stage4-WP01-Implementation-Authorization-20260805-205154\Stage4-Planning-Authorization-20260805-195025.zip
97CCC82755891EDDD20FB8938B4731945E3533C8B287135F0B7A029C4911E24D	COPIED	C:\Falcon\Falcon1\docs\canonical-records\owner-decisions\stage4\Stage4-WP01-Implementation-Authorization-20260805-205154\WP01-EXACT-IMPLEMENTATION-ALLOWLIST.txt	SOURCE=C:\Falcon\Stage4\Owner-Decisions\Stage4-WP01-Implementation-Authorization-20260805-205154\WP01-EXACT-IMPLEMENTATION-ALLOWLIST.txt
93FCEBE18543DE479C7ED74C1DF95212DA5CE47CED2C1715A67F63DCA16F8802	COPIED	C:\Falcon\Falcon1\docs\canonical-records\owner-decisions\stage4\Stage4-WP02-Closure-Backup-20260805-223601\docs\governance\GOV-000_AUTHORITY_REGISTRY.md	SOURCE=C:\Falcon\Stage4\Owner-Decisions\Stage4-WP02-Closure-Backup-20260805-223601\docs\governance\GOV-000_AUTHORITY_REGISTRY.md
7C8E61CD09FEE7F6028319A721B28675052E1CDC38BF841BD3A20612D96EBF63	COPIED	C:\Falcon\Falcon1\docs\canonical-records\owner-decisions\stage4\Stage4-WP02-Closure-Backup-20260805-223601\docs\stage-4-proposal\README.md	SOURCE=C:\Falcon\Stage4\Owner-Decisions\Stage4-WP02-Closure-Backup-20260805-223601\docs\stage-4-proposal\README.md
3B783B1C0E325643F50FEDE122B818A0361109ED14486FE753D2D2BB27D193B0	COPIED	C:\Falcon\Falcon1\docs\canonical-records\owner-decisions\stage4\Stage4-WP02-Final-Owner-Acceptance-20260805-223601.zip	SOURCE=C:\Falcon\Stage4\Owner-Decisions\Stage4-WP02-Final-Owner-Acceptance-20260805-223601.zip
01A847A6F85BF669CC1B4C67F47A5A56D1A3DFF165D8EEF23B0B5B6C75052692	COPIED	C:\Falcon\Falcon1\docs\canonical-records\owner-decisions\stage4\Stage4-WP02-Final-Owner-Acceptance-20260805-223601\13_STAGE_4_WP02_FINAL_ACCEPTANCE_AND_CLOSURE.md	SOURCE=C:\Falcon\Stage4\Owner-Decisions\Stage4-WP02-Final-Owner-Acceptance-20260805-223601\13_STAGE_4_WP02_FINAL_ACCEPTANCE_AND_CLOSURE.md
478A58991792EF6C0398AF38E0FEA0F98C18E02A287344335C2C65E6F19846FE	COPIED	C:\Falcon\Falcon1\docs\canonical-records\owner-decisions\stage4\Stage4-WP02-Final-Owner-Acceptance-20260805-223601\GIT-STATUS.txt	SOURCE=C:\Falcon\Stage4\Owner-Decisions\Stage4-WP02-Final-Owner-Acceptance-20260805-223601\GIT-STATUS.txt
4206604C4C5CC259210B08D32782BC219D5388FA024A9A34EB4552F1E5F0E1F8	COPIED	C:\Falcon\Falcon1\docs\canonical-records\owner-decisions\stage4\Stage4-WP02-Final-Owner-Acceptance-20260805-223601\GOV-106_STAGE_4_WP02_FINAL_OWNER_ACCEPTANCE_AND_CLOSURE.md	SOURCE=C:\Falcon\Stage4\Owner-Decisions\Stage4-WP02-Final-Owner-Acceptance-20260805-223601\GOV-106_STAGE_4_WP02_FINAL_OWNER_ACCEPTANCE_AND_CLOSURE.md
5954CC9A7CCB4A5418085568F750233D175B5F37AFCEE8EC45041086BF2538DB	COPIED	C:\Falcon\Falcon1\docs\canonical-records\owner-decisions\stage4\Stage4-WP02-Final-Owner-Acceptance-20260805-223601\OWNER-ACCEPTANCE-FALCON-FOUNDATION-STAGE4-WP02.sha256.txt	SOURCE=C:\Falcon\Stage4\Owner-Decisions\Stage4-WP02-Final-Owner-Acceptance-20260805-223601\OWNER-ACCEPTANCE-FALCON-FOUNDATION-STAGE4-WP02.sha256.txt
34C8A72BDBB2940F1CFF727685B92751823D0683D83D58D8368D698D045906E6	COPIED	C:\Falcon\Falcon1\docs\canonical-records\owner-decisions\stage4\Stage4-WP02-Final-Owner-Acceptance-20260805-223601\OWNER-ACCEPTANCE-FALCON-FOUNDATION-STAGE4-WP02.txt	SOURCE=C:\Falcon\Stage4\Owner-Decisions\Stage4-WP02-Final-Owner-Acceptance-20260805-223601\OWNER-ACCEPTANCE-FALCON-FOUNDATION-STAGE4-WP02.txt
8762C74AFC5EBD7E9381ED655BCD2C4BB42376E3FB930D5D3B245556C025B4F4	COPIED	C:\Falcon\Falcon1\docs\canonical-records\owner-decisions\stage4\Stage4-WP02-Final-Owner-Acceptance-20260805-223601\STAGE_4_WP02_RENEWED_INDEPENDENT_IMPLEMENTATION_REVIEW.md	SOURCE=C:\Falcon\Stage4\Owner-Decisions\Stage4-WP02-Final-Owner-Acceptance-20260805-223601\STAGE_4_WP02_RENEWED_INDEPENDENT_IMPLEMENTATION_REVIEW.md
13E28A3B67C5C3C4D28D58A630F898C4610B3AF76A8614C95F333FB53A8F326C	COPIED	C:\Falcon\Falcon1\docs\canonical-records\owner-decisions\stage4\Stage4-WP02-Final-Owner-Acceptance-20260805-223601\Stage4-WP02-Independent-Review-Remediation-20260805-221918.zip	SOURCE=C:\Falcon\Stage4\Owner-Decisions\Stage4-WP02-Final-Owner-Acceptance-20260805-223601\Stage4-WP02-Independent-Review-Remediation-20260805-221918.zip
B1DD510DABD7E4A096C3FE72F5211D9128C3B99A598A525C1A82E3F6EAB46686	COPIED	C:\Falcon\Falcon1\docs\canonical-records\owner-decisions\stage4\Stage4-WP02-Final-Owner-Acceptance-20260805-223601\WP02-FINAL-ACCEPTED-INVENTORY.txt	SOURCE=C:\Falcon\Stage4\Owner-Decisions\Stage4-WP02-Final-Owner-Acceptance-20260805-223601\WP02-FINAL-ACCEPTED-INVENTORY.txt
753777A2082CDC5889919C3762AF1714ADD4158E864F6153D46CDB73223B7E18	COPIED	C:\Falcon\Falcon1\docs\canonical-records\owner-decisions\stage4\Stage4-WP02-Implementation-Authorization-20260805-213820.zip	SOURCE=C:\Falcon\Stage4\Owner-Decisions\Stage4-WP02-Implementation-Authorization-20260805-213820.zip
29B6B6AA1C1934B7F46536DAC72790BC5B2607385F3FD897DF92BAE9D07298C5	COPIED	C:\Falcon\Falcon1\docs\canonical-records\owner-decisions\stage4\Stage4-WP02-Implementation-Authorization-20260805-213820\GIT-STATUS.txt	SOURCE=C:\Falcon\Stage4\Owner-Decisions\Stage4-WP02-Implementation-Authorization-20260805-213820\GIT-STATUS.txt
0C41C1A271B678C7D34B0384446F6EDF913407C4C5FC8475844A90BE7848FCE0	COPIED	C:\Falcon\Falcon1\docs\canonical-records\owner-decisions\stage4\Stage4-WP02-Implementation-Authorization-20260805-213820\OWNER-AUTHORIZATION-STAGE4-WP02-IMPLEMENTATION.sha256.txt	SOURCE=C:\Falcon\Stage4\Owner-Decisions\Stage4-WP02-Implementation-Authorization-20260805-213820\OWNER-AUTHORIZATION-STAGE4-WP02-IMPLEMENTATION.sha256.txt
0124A32370CA8EC0903DCE28E92B63E6583B643357E56DA8F83E27ED429E9437	COPIED	C:\Falcon\Falcon1\docs\canonical-records\owner-decisions\stage4\Stage4-WP02-Implementation-Authorization-20260805-213820\OWNER-AUTHORIZATION-STAGE4-WP02-IMPLEMENTATION.txt	SOURCE=C:\Falcon\Stage4\Owner-Decisions\Stage4-WP02-Implementation-Authorization-20260805-213820\OWNER-AUTHORIZATION-STAGE4-WP02-IMPLEMENTATION.txt
AD1D2DD5112687C63C39568328E3B00630F305B5E2D6CB61FA364597421058C7	COPIED	C:\Falcon\Falcon1\docs\canonical-records\owner-decisions\stage4\Stage4-WP02-Implementation-Authorization-20260805-213820\Stage4-WP01-Final-Owner-Acceptance-20260805-212009.zip	SOURCE=C:\Falcon\Stage4\Owner-Decisions\Stage4-WP02-Implementation-Authorization-20260805-213820\Stage4-WP01-Final-Owner-Acceptance-20260805-212009.zip
A380EEA183B9363E31380A058935F030DE86363FB0B5DDDE1F55F83E270A3AD0	COPIED	C:\Falcon\Falcon1\docs\canonical-records\owner-decisions\stage4\Stage4-WP02-Implementation-Authorization-20260805-213820\WP02-AUTHORITY-DOCUMENT-INVENTORY.txt	SOURCE=C:\Falcon\Stage4\Owner-Decisions\Stage4-WP02-Implementation-Authorization-20260805-213820\WP02-AUTHORITY-DOCUMENT-INVENTORY.txt
231AA59F3C4F630FFE271037537EA196FD4674EE9CF811DA8206CCC8768BE5DD	COPIED	C:\Falcon\Falcon1\docs\canonical-records\owner-decisions\stage4\Stage4-WP02-Implementation-Authorization-20260805-213820\WP02-EXACT-IMPLEMENTATION-ALLOWLIST.txt	SOURCE=C:\Falcon\Stage4\Owner-Decisions\Stage4-WP02-Implementation-Authorization-20260805-213820\WP02-EXACT-IMPLEMENTATION-ALLOWLIST.txt
E294A9A075A5098A1DB1DFE7EEF8F344C5DE8C363BDE610345719ABB6DC2A5CD	COPIED	C:\Falcon\Falcon1\docs\canonical-records\owner-decisions\stage4\Stage4-WP03-Authorization-Backup-20260805-224237\docs\governance\GOV-000_AUTHORITY_REGISTRY.md	SOURCE=C:\Falcon\Stage4\Owner-Decisions\Stage4-WP03-Authorization-Backup-20260805-224237\docs\governance\GOV-000_AUTHORITY_REGISTRY.md
5013B1509B362BD37CCF0ECEE2518F7D4CDD3E2D2F46CCC568DF8B595473130B	COPIED	C:\Falcon\Falcon1\docs\canonical-records\owner-decisions\stage4\Stage4-WP03-Authorization-Backup-20260805-224237\docs\stage-4-proposal\README.md	SOURCE=C:\Falcon\Stage4\Owner-Decisions\Stage4-WP03-Authorization-Backup-20260805-224237\docs\stage-4-proposal\README.md
A3757DF23C305EC67227711EF130D5B1030398E64950EF8ACB4F0C637A66657D	COPIED	C:\Falcon\Falcon1\docs\canonical-records\owner-decisions\stage4\Stage4-WP03-Final-Owner-Acceptance-20260805-235308.zip	SOURCE=C:\Falcon\Stage4\Owner-Decisions\Stage4-WP03-Final-Owner-Acceptance-20260805-235308.zip
2B43CF273F378EEC312E34ED322CCC335B10EDD222F262E5C0AF4097C4CC5D37	COPIED	C:\Falcon\Falcon1\docs\canonical-records\owner-decisions\stage4\Stage4-WP03-Final-Owner-Acceptance-20260805-235308\GIT-STATUS.txt	SOURCE=C:\Falcon\Stage4\Owner-Decisions\Stage4-WP03-Final-Owner-Acceptance-20260805-235308\GIT-STATUS.txt
D0B8FBB8B3F154573B2D896C993D4782DFC3CE923A7E6BC96C0A1676DA4AF77D	COPIED	C:\Falcon\Falcon1\docs\canonical-records\owner-decisions\stage4\Stage4-WP03-Final-Owner-Acceptance-20260805-235308\OWNER-ACCEPTANCE-FALCON-FOUNDATION-STAGE4-WP03.txt	SOURCE=C:\Falcon\Stage4\Owner-Decisions\Stage4-WP03-Final-Owner-Acceptance-20260805-235308\OWNER-ACCEPTANCE-FALCON-FOUNDATION-STAGE4-WP03.txt
386E4E352EF788BB10C54C98C0A9D0A4A8F64977FFF740F1A594FE2D02C5B489	COPIED	C:\Falcon\Falcon1\docs\canonical-records\owner-decisions\stage4\Stage4-WP03-Final-Owner-Acceptance-20260805-235308\WP03-FINAL-SOURCE-INVENTORY.txt	SOURCE=C:\Falcon\Stage4\Owner-Decisions\Stage4-WP03-Final-Owner-Acceptance-20260805-235308\WP03-FINAL-SOURCE-INVENTORY.txt
625F942E7BB7171B1A6A5D0CB5543549D733E422F0D07FD6238566ECB29EC1DA	COPIED	C:\Falcon\Falcon1\docs\canonical-records\owner-decisions\stage4\Stage4-WP03-Final-Owner-Acceptance-20260805-235308\WP03-FINAL-VERIFIER-RUN1.txt	SOURCE=C:\Falcon\Stage4\Owner-Decisions\Stage4-WP03-Final-Owner-Acceptance-20260805-235308\WP03-FINAL-VERIFIER-RUN1.txt
625F942E7BB7171B1A6A5D0CB5543549D733E422F0D07FD6238566ECB29EC1DA	COPIED	C:\Falcon\Falcon1\docs\canonical-records\owner-decisions\stage4\Stage4-WP03-Final-Owner-Acceptance-20260805-235308\WP03-FINAL-VERIFIER-RUN2.txt	SOURCE=C:\Falcon\Stage4\Owner-Decisions\Stage4-WP03-Final-Owner-Acceptance-20260805-235308\WP03-FINAL-VERIFIER-RUN2.txt
684382C14301D6AD6E0D8C887BACE7B006182ACFCB1084D12AEA662FB5F40436	COPIED	C:\Falcon\Falcon1\docs\canonical-records\owner-decisions\stage4\Stage4-WP03-Implementation-Authorization-20260805-224237.zip	SOURCE=C:\Falcon\Stage4\Owner-Decisions\Stage4-WP03-Implementation-Authorization-20260805-224237.zip
597A42D535D7F99A979709179FEBB1F623C81F6628F9E7CF6E2275EAA2C9771A	COPIED	C:\Falcon\Falcon1\docs\canonical-records\owner-decisions\stage4\Stage4-WP03-Implementation-Authorization-20260805-224237\14_STAGE_4_WP03_IMPLEMENTATION_AUTHORITY.md	SOURCE=C:\Falcon\Stage4\Owner-Decisions\Stage4-WP03-Implementation-Authorization-20260805-224237\14_STAGE_4_WP03_IMPLEMENTATION_AUTHORITY.md
4E122718A4B8B2F90412F7F3A4F6C0B3C184FA1CD250CBC5ED5E93879D968E50	COPIED	C:\Falcon\Falcon1\docs\canonical-records\owner-decisions\stage4\Stage4-WP03-Implementation-Authorization-20260805-224237\GIT-STATUS.txt	SOURCE=C:\Falcon\Stage4\Owner-Decisions\Stage4-WP03-Implementation-Authorization-20260805-224237\GIT-STATUS.txt
2449413348B07E5A1823CB12D2580281A88B64B4676FCB992A153CD709AD4D76	COPIED	C:\Falcon\Falcon1\docs\canonical-records\owner-decisions\stage4\Stage4-WP03-Implementation-Authorization-20260805-224237\GOV-107_STAGE_4_WP03_IMPLEMENTATION_AUTHORIZATION.md	SOURCE=C:\Falcon\Stage4\Owner-Decisions\Stage4-WP03-Implementation-Authorization-20260805-224237\GOV-107_STAGE_4_WP03_IMPLEMENTATION_AUTHORIZATION.md
443D6553D0B2E2219442AF3C548D676FBD68D9C4B1A10D1E3111985E9374080A	COPIED	C:\Falcon\Falcon1\docs\canonical-records\owner-decisions\stage4\Stage4-WP03-Implementation-Authorization-20260805-224237\OWNER-AUTHORIZATION-STAGE4-WP03-IMPLEMENTATION.sha256.txt	SOURCE=C:\Falcon\Stage4\Owner-Decisions\Stage4-WP03-Implementation-Authorization-20260805-224237\OWNER-AUTHORIZATION-STAGE4-WP03-IMPLEMENTATION.sha256.txt
6877B9357851859B144A802DE78CFE9C6A41BF2CE913451A898711A2ED947094	COPIED	C:\Falcon\Falcon1\docs\canonical-records\owner-decisions\stage4\Stage4-WP03-Implementation-Authorization-20260805-224237\OWNER-AUTHORIZATION-STAGE4-WP03-IMPLEMENTATION.txt	SOURCE=C:\Falcon\Stage4\Owner-Decisions\Stage4-WP03-Implementation-Authorization-20260805-224237\OWNER-AUTHORIZATION-STAGE4-WP03-IMPLEMENTATION.txt
3B783B1C0E325643F50FEDE122B818A0361109ED14486FE753D2D2BB27D193B0	COPIED	C:\Falcon\Falcon1\docs\canonical-records\owner-decisions\stage4\Stage4-WP03-Implementation-Authorization-20260805-224237\Stage4-WP02-Final-Owner-Acceptance-20260805-223601.zip	SOURCE=C:\Falcon\Stage4\Owner-Decisions\Stage4-WP03-Implementation-Authorization-20260805-224237\Stage4-WP02-Final-Owner-Acceptance-20260805-223601.zip
9E9798042396DEFE2886B4A11C84580B39AE9FF6DEAFF8C6DD2DE28D577716F7	COPIED	C:\Falcon\Falcon1\docs\canonical-records\owner-decisions\stage4\Stage4-WP03-Implementation-Authorization-20260805-224237\WP03-AUTHORIZATION-DOCUMENT-INVENTORY.txt	SOURCE=C:\Falcon\Stage4\Owner-Decisions\Stage4-WP03-Implementation-Authorization-20260805-224237\WP03-AUTHORIZATION-DOCUMENT-INVENTORY.txt
5B9CED4872A27E9AFB0E1BADE2071D628DEF48044B23CC1D2711E1D7D6A98B43	COPIED	C:\Falcon\Falcon1\docs\canonical-records\owner-decisions\stage4\Stage4-WP03-Implementation-Authorization-20260805-224237\WP03-EXACT-IMPLEMENTATION-ALLOWLIST.txt	SOURCE=C:\Falcon\Stage4\Owner-Decisions\Stage4-WP03-Implementation-Authorization-20260805-224237\WP03-EXACT-IMPLEMENTATION-ALLOWLIST.txt
CEAC357FF6F69988D54D2D7C799D5A72BD44111008B26175B389BB87226A17AD	COPIED	C:\Falcon\Falcon1\docs\canonical-records\owner-decisions\stage4\Stage4-WP04-Authorization-Backup-20260806-000013\docs\governance\GOV-000_AUTHORITY_REGISTRY.md	SOURCE=C:\Falcon\Stage4\Owner-Decisions\Stage4-WP04-Authorization-Backup-20260806-000013\docs\governance\GOV-000_AUTHORITY_REGISTRY.md
CB528FAFF5C98F07B9663666CF043E7F3C9D304E597424698BF112A13C9B2ADF	COPIED	C:\Falcon\Falcon1\docs\canonical-records\owner-decisions\stage4\Stage4-WP04-Authorization-Backup-20260806-000013\docs\stage-4-proposal\README.md	SOURCE=C:\Falcon\Stage4\Owner-Decisions\Stage4-WP04-Authorization-Backup-20260806-000013\docs\stage-4-proposal\README.md
D790F3C1802CBCBD2A88F22513DC23F85D9A4A82DE7B3FCDFB48482041E94B6D	COPIED	C:\Falcon\Falcon1\docs\canonical-records\owner-decisions\stage4\Stage4-WP04-Final-Owner-Acceptance-20260806-074419.zip	SOURCE=C:\Falcon\Stage4\Owner-Decisions\Stage4-WP04-Final-Owner-Acceptance-20260806-074419.zip
8CF49B10050A3EA3226EC49D182CFF4F6A8FEBD6C7C56C622C30BCED321F573B	COPIED	C:\Falcon\Falcon1\docs\canonical-records\owner-decisions\stage4\Stage4-WP04-Final-Owner-Acceptance-20260806-074419\GIT-STATUS.txt	SOURCE=C:\Falcon\Stage4\Owner-Decisions\Stage4-WP04-Final-Owner-Acceptance-20260806-074419\GIT-STATUS.txt
41C01E06BAC7B5C8EA8E54515E6CACE8137D319FFF3EC7AE18B71B962665AE40	COPIED	C:\Falcon\Falcon1\docs\canonical-records\owner-decisions\stage4\Stage4-WP04-Final-Owner-Acceptance-20260806-074419\OWNER-ACCEPTANCE-FALCON-FOUNDATION-STAGE4-WP04.txt	SOURCE=C:\Falcon\Stage4\Owner-Decisions\Stage4-WP04-Final-Owner-Acceptance-20260806-074419\OWNER-ACCEPTANCE-FALCON-FOUNDATION-STAGE4-WP04.txt
4C95F0C013B3ABAB605379B9F7AD915808F0E55E7EF0E42EFC0160BDBDE3564A	COPIED	C:\Falcon\Falcon1\docs\canonical-records\owner-decisions\stage4\Stage4-WP04-Final-Owner-Acceptance-20260806-074419\OWNER-ACCEPTANCE-HASH-INVENTORY.txt	SOURCE=C:\Falcon\Stage4\Owner-Decisions\Stage4-WP04-Final-Owner-Acceptance-20260806-074419\OWNER-ACCEPTANCE-HASH-INVENTORY.txt
C635DF7C6C3B8799108D9F8E67A1EDE65B3234DA1EAE1AA37CFAB61B3336232F	COPIED	C:\Falcon\Falcon1\docs\canonical-records\owner-decisions\stage4\Stage4-WP04-Final-Owner-Acceptance-20260806-074419\STAGE_4_WP04_RENEWED_INDEPENDENT_REVIEW_V10.md	SOURCE=C:\Falcon\Stage4\Owner-Decisions\Stage4-WP04-Final-Owner-Acceptance-20260806-074419\STAGE_4_WP04_RENEWED_INDEPENDENT_REVIEW_V10.md
05F72EC4EE385B17E405EB23716485477FA5714E06779C2348EFEC88F4B1FE28	COPIED	C:\Falcon\Falcon1\docs\canonical-records\owner-decisions\stage4\Stage4-WP04-Final-Owner-Acceptance-20260806-074419\Stage4-WP04-Trusted-Rollback-Anchor-V10-20260806-073637.zip	SOURCE=C:\Falcon\Stage4\Owner-Decisions\Stage4-WP04-Final-Owner-Acceptance-20260806-074419\Stage4-WP04-Trusted-Rollback-Anchor-V10-20260806-073637.zip
8D8F1755A9BE9BDEC50E83DB5883219E3570100ACF77CE04A73E703D0A93CB3C	COPIED	C:\Falcon\Falcon1\docs\canonical-records\owner-decisions\stage4\Stage4-WP04-Final-Owner-Acceptance-20260806-074419\WP04-ACCEPTED-SOURCE-INVENTORY.txt	SOURCE=C:\Falcon\Stage4\Owner-Decisions\Stage4-WP04-Final-Owner-Acceptance-20260806-074419\WP04-ACCEPTED-SOURCE-INVENTORY.txt
0EF78494EC445204598B68088974DFE04EE9D0625B2EF84D175988DF06981566	COPIED	C:\Falcon\Falcon1\docs\canonical-records\owner-decisions\stage4\Stage4-WP04-Implementation-Authorization-20260806-000013.zip	SOURCE=C:\Falcon\Stage4\Owner-Decisions\Stage4-WP04-Implementation-Authorization-20260806-000013.zip
13A17EB1ACDC20E5F4C2EA58456F99DDF32E91F4FA9FBA35CED25F127307FEFE	COPIED	C:\Falcon\Falcon1\docs\canonical-records\owner-decisions\stage4\Stage4-WP04-Implementation-Authorization-20260806-000013\GIT-STATUS.txt	SOURCE=C:\Falcon\Stage4\Owner-Decisions\Stage4-WP04-Implementation-Authorization-20260806-000013\GIT-STATUS.txt
F780E09CB16DB2C9315AE0354156B28F5AD2DED7617C6130177E61CC96C58AF4	COPIED	C:\Falcon\Falcon1\docs\canonical-records\owner-decisions\stage4\Stage4-WP04-Implementation-Authorization-20260806-000013\OWNER-AUTHORIZATION-STAGE4-WP04-IMPLEMENTATION.sha256.txt	SOURCE=C:\Falcon\Stage4\Owner-Decisions\Stage4-WP04-Implementation-Authorization-20260806-000013\OWNER-AUTHORIZATION-STAGE4-WP04-IMPLEMENTATION.sha256.txt
E545D06020BF6E87EA230930DA1C8A541D39442EBCC4FD1449B6087697375123	COPIED	C:\Falcon\Falcon1\docs\canonical-records\owner-decisions\stage4\Stage4-WP04-Implementation-Authorization-20260806-000013\OWNER-AUTHORIZATION-STAGE4-WP04-IMPLEMENTATION.txt	SOURCE=C:\Falcon\Stage4\Owner-Decisions\Stage4-WP04-Implementation-Authorization-20260806-000013\OWNER-AUTHORIZATION-STAGE4-WP04-IMPLEMENTATION.txt
F9956A42E43ED52F7F09FA2570BAB13E19A64110EF42382844E03CE2653A31FD	COPIED	C:\Falcon\Falcon1\docs\canonical-records\owner-decisions\stage4\Stage4-WP04-Implementation-Authorization-20260806-000013\WP04-AUTHORIZATION-DOCUMENT-INVENTORY.txt	SOURCE=C:\Falcon\Stage4\Owner-Decisions\Stage4-WP04-Implementation-Authorization-20260806-000013\WP04-AUTHORIZATION-DOCUMENT-INVENTORY.txt
408F0BB16093626C4B8A7684C95447381A0DF58D646478644394CC953A3F9B6D	COPIED	C:\Falcon\Falcon1\docs\canonical-records\owner-decisions\stage4\Stage4-WP04-Implementation-Authorization-20260806-000013\WP04-EXACT-IMPLEMENTATION-ALLOWLIST.txt	SOURCE=C:\Falcon\Stage4\Owner-Decisions\Stage4-WP04-Implementation-Authorization-20260806-000013\WP04-EXACT-IMPLEMENTATION-ALLOWLIST.txt
D4CA8E1D5CF7A58CAE63F5FC12718570254A02380194F1CC1220BDD3FC86A0A6	COPIED	C:\Falcon\Falcon1\docs\canonical-records\owner-decisions\stage4\Stage4-WP05-Implementation-Authorization-20260806-075333.zip	SOURCE=C:\Falcon\Stage4\Owner-Decisions\Stage4-WP05-Implementation-Authorization-20260806-075333.zip
8CF49B10050A3EA3226EC49D182CFF4F6A8FEBD6C7C56C622C30BCED321F573B	COPIED	C:\Falcon\Falcon1\docs\canonical-records\owner-decisions\stage4\Stage4-WP05-Implementation-Authorization-20260806-075333\GIT-STATUS.txt	SOURCE=C:\Falcon\Stage4\Owner-Decisions\Stage4-WP05-Implementation-Authorization-20260806-075333\GIT-STATUS.txt
5D11A798035559A46C5816C6D83B2D828B88C46A6113AD73C7F5E3A927E5DDCB	COPIED	C:\Falcon\Falcon1\docs\canonical-records\owner-decisions\stage4\Stage4-WP05-Implementation-Authorization-20260806-075333\OWNER-AUTHORIZATION-STAGE4-WP05-IMPLEMENTATION.txt	SOURCE=C:\Falcon\Stage4\Owner-Decisions\Stage4-WP05-Implementation-Authorization-20260806-075333\OWNER-AUTHORIZATION-STAGE4-WP05-IMPLEMENTATION.txt
EF3E70519AA3A710E03F6F5DD6EF2D8295E9682FFB348B0E743A585AC189E4CF	COPIED	C:\Falcon\Falcon1\docs\canonical-records\owner-decisions\stage4\Stage4-WP05-Implementation-Authorization-20260806-075333\STAGE_4_WP05_PLANNING_ASSESSMENT.md	SOURCE=C:\Falcon\Stage4\Owner-Decisions\Stage4-WP05-Implementation-Authorization-20260806-075333\STAGE_4_WP05_PLANNING_ASSESSMENT.md
B25B78C21E0B07AB631F8B8AE8EF740F7B44195B7BB5D8A734AD496CBFF65FDA	COPIED	C:\Falcon\Falcon1\docs\canonical-records\owner-decisions\stage4\Stage4-WP05-Implementation-Authorization-20260806-075333\WP05-AUTHORIZATION-HASH-INVENTORY.txt	SOURCE=C:\Falcon\Stage4\Owner-Decisions\Stage4-WP05-Implementation-Authorization-20260806-075333\WP05-AUTHORIZATION-HASH-INVENTORY.txt
0337D7ACA0E03E4F27CAC139721112061F970D7DFD2F357495819824E1F708E2	COPIED	C:\Falcon\Falcon1\docs\canonical-records\owner-decisions\stage4\Stage4-WP05-Implementation-Authorization-20260806-075333\WP05-AUTHORIZED-FILE-ALLOWLIST.txt	SOURCE=C:\Falcon\Stage4\Owner-Decisions\Stage4-WP05-Implementation-Authorization-20260806-075333\WP05-AUTHORIZED-FILE-ALLOWLIST.txt
C07EDE2D4D3213D5B0031655AA9ED492FAFE183D5B9CDDFBA53F1CD55D3DFCF2	COPIED	C:\Falcon\Falcon1\docs\canonical-records\owner-decisions\stage4\Stage4-WP05-Implementation-Authorization-20260806-075333\WP05-EXPLICITLY-PROHIBITED-SCOPE.txt	SOURCE=C:\Falcon\Stage4\Owner-Decisions\Stage4-WP05-Implementation-Authorization-20260806-075333\WP05-EXPLICITLY-PROHIBITED-SCOPE.txt
5B515A7E9467AC56052967ED0FA088A9B2EE472C759A7B74040923CC7742B4F7	COPIED	C:\Falcon\Falcon1\docs\canonical-records\owner-decisions\stage4\Stage4-WP05-Owner-Acceptance-And-Closure-20260806-115542.zip	SOURCE=C:\Falcon\Stage4\Owner-Decisions\Stage4-WP05-Owner-Acceptance-And-Closure-20260806-115542.zip
A9CB570983C2ED905E4D5E91DD2DD89597DB16967BCB5EB034C043FE30137F17	COPIED	C:\Falcon\Falcon1\docs\canonical-records\owner-decisions\stage4\Stage4-WP05-Owner-Acceptance-And-Closure-20260806-115542\ARTIFACT-HASHES.txt	SOURCE=C:\Falcon\Stage4\Owner-Decisions\Stage4-WP05-Owner-Acceptance-And-Closure-20260806-115542\ARTIFACT-HASHES.txt
07C4BBEC274815E345159B52088773C102CC605291D826B5CD105462A51FF168	COPIED	C:\Falcon\Falcon1\docs\canonical-records\owner-decisions\stage4\Stage4-WP05-Owner-Acceptance-And-Closure-20260806-115542\OWNER-ACCEPTANCE-AND-CLOSURE-STAGE4-WP05.txt	SOURCE=C:\Falcon\Stage4\Owner-Decisions\Stage4-WP05-Owner-Acceptance-And-Closure-20260806-115542\OWNER-ACCEPTANCE-AND-CLOSURE-STAGE4-WP05.txt
C1326097A716E9ECB3FEB91625D8242627A342701859679C44F692A6D6E96BEF	COPIED	C:\Falcon\Falcon1\docs\canonical-records\owner-decisions\stage4\Stage4-WP05-Owner-Acceptance-And-Closure-20260806-115542\WP05-V14-EVIDENCE-BINDING.txt	SOURCE=C:\Falcon\Stage4\Owner-Decisions\Stage4-WP05-Owner-Acceptance-And-Closure-20260806-115542\WP05-V14-EVIDENCE-BINDING.txt
5A78E03C287C14697DED3839A65F64277514CB40428A37B77EC1E36E25BB75C5	COPIED	C:\Falcon\Falcon1\docs\canonical-records\owner-decisions\stage4\Stage4-WP05-Owner-Acceptance-And-Closure-20260806-115542\WP05-V14-SOURCE-INVENTORY.txt	SOURCE=C:\Falcon\Stage4\Owner-Decisions\Stage4-WP05-Owner-Acceptance-And-Closure-20260806-115542\WP05-V14-SOURCE-INVENTORY.txt
125F8B67D747EAA75016F26498BEE9D83EE349D25654A32CDF363DD499559761	COPIED	C:\Falcon\Falcon1\docs\canonical-records\owner-decisions\stage4\Stage4-WP06-Owner-Acceptance-And-Closure-20260806-220300.zip	SOURCE=C:\Falcon\Stage4\Owner-Decisions\Stage4-WP06-Owner-Acceptance-And-Closure-20260806-220300.zip
1E1FDC1ED8CA0A95E53135936D7A1FCC87D2B5249D759E230363BEED82474D77	COPIED	C:\Falcon\Falcon1\docs\canonical-records\owner-decisions\stage4\Stage4-WP06-Owner-Acceptance-And-Closure-20260806-220300\ARTIFACT-HASHES.txt	SOURCE=C:\Falcon\Stage4\Owner-Decisions\Stage4-WP06-Owner-Acceptance-And-Closure-20260806-220300\ARTIFACT-HASHES.txt
994849DBBCDF0F3D68DD0C6A311717411BC3C5A19849E2512C40CFC2A6D9ED71	COPIED	C:\Falcon\Falcon1\docs\canonical-records\owner-decisions\stage4\Stage4-WP06-Owner-Acceptance-And-Closure-20260806-220300\OWNER-ACCEPTANCE-AND-CLOSURE-STAGE4-WP06.txt	SOURCE=C:\Falcon\Stage4\Owner-Decisions\Stage4-WP06-Owner-Acceptance-And-Closure-20260806-220300\OWNER-ACCEPTANCE-AND-CLOSURE-STAGE4-WP06.txt
614FC88C7081210465537C43786A374F16D827DB2551EF41DE0D2559B4F91237	COPIED	C:\Falcon\Falcon1\docs\canonical-records\owner-decisions\stage4\Stage4-WP06-Owner-Acceptance-And-Closure-20260806-220300\STAGE4-FINAL-STATUS-AFTER-WP06.txt	SOURCE=C:\Falcon\Stage4\Owner-Decisions\Stage4-WP06-Owner-Acceptance-And-Closure-20260806-220300\STAGE4-FINAL-STATUS-AFTER-WP06.txt
6CBF2AD1E9051CCD9170508BB12AA52D4917D48FC686D9EEC56CFA6F5461CF1A	COPIED	C:\Falcon\Falcon1\docs\canonical-records\owner-decisions\stage4\Stage4-WP06-Owner-Acceptance-And-Closure-20260806-220300\WP06-ACCEPTED-EVIDENCE-BINDING.txt	SOURCE=C:\Falcon\Stage4\Owner-Decisions\Stage4-WP06-Owner-Acceptance-And-Closure-20260806-220300\WP06-ACCEPTED-EVIDENCE-BINDING.txt
C44593185E9F0B2FA244810A374911558F820A0C3FDBBC421D0BE84996C239B5	COPIED	C:\Falcon\Falcon1\docs\canonical-records\owner-decisions\stage4\Stage4-WP06-Owner-Acceptance-And-Closure-20260806-220300\WP06-ACCEPTED-SOURCE-INVENTORY.txt	SOURCE=C:\Falcon\Stage4\Owner-Decisions\Stage4-WP06-Owner-Acceptance-And-Closure-20260806-220300\WP06-ACCEPTED-SOURCE-INVENTORY.txt
396DFBBF676A61F8523D2188A271CCE72D880BBBC1632413417E9C9DEAB0787E	COPIED	C:\Falcon\Falcon1\docs\canonical-records\owner-decisions\stage4\Stage4-WP06-Static-Design-And-Implementation-Authorization-20260806-120745.zip	SOURCE=C:\Falcon\Stage4\Owner-Decisions\Stage4-WP06-Static-Design-And-Implementation-Authorization-20260806-120745.zip
2B4E113E8C06403DED2110792D53115394489C8F5488BAC32488222B93FF8E35	COPIED	C:\Falcon\Falcon1\docs\canonical-records\owner-decisions\stage4\Stage4-WP06-Static-Design-And-Implementation-Authorization-20260806-120745\ARTIFACT-HASHES.txt	SOURCE=C:\Falcon\Stage4\Owner-Decisions\Stage4-WP06-Static-Design-And-Implementation-Authorization-20260806-120745\ARTIFACT-HASHES.txt
9CFF48834C051CCD4F2BA8929C399C1491DB24EA85E9CC70AB7950F2F4999237	COPIED	C:\Falcon\Falcon1\docs\canonical-records\owner-decisions\stage4\Stage4-WP06-Static-Design-And-Implementation-Authorization-20260806-120745\OWNER-AUTHORIZATION-STAGE4-WP06.txt	SOURCE=C:\Falcon\Stage4\Owner-Decisions\Stage4-WP06-Static-Design-And-Implementation-Authorization-20260806-120745\OWNER-AUTHORIZATION-STAGE4-WP06.txt
026B32F0D56DCE977C45D1959CC4D14CBE8E596D0D0E2D642B33916B30C0E633	COPIED	C:\Falcon\Falcon1\docs\canonical-records\owner-decisions\stage4\Stage4-WP06-Static-Design-And-Implementation-Authorization-20260806-120745\STAGE4-WP06-ACCEPTANCE-CRITERIA.txt	SOURCE=C:\Falcon\Stage4\Owner-Decisions\Stage4-WP06-Static-Design-And-Implementation-Authorization-20260806-120745\STAGE4-WP06-ACCEPTANCE-CRITERIA.txt
EC3EE4A79251CE679457853785135E48B16CEE587C2946E73E74FCFFF1271562	COPIED	C:\Falcon\Falcon1\docs\canonical-records\owner-decisions\stage4\Stage4-WP06-Static-Design-And-Implementation-Authorization-20260806-120745\STAGE4-WP06-IMPLEMENTATION-ALLOWLIST.txt	SOURCE=C:\Falcon\Stage4\Owner-Decisions\Stage4-WP06-Static-Design-And-Implementation-Authorization-20260806-120745\STAGE4-WP06-IMPLEMENTATION-ALLOWLIST.txt
5BA72BF5E7E18A496A99CB2D3821FDE0419752FEB0C90EEC91DCEE8ADE6FA2C6	COPIED	C:\Falcon\Falcon1\docs\canonical-records\owner-decisions\stage4\Stage4-WP06-Static-Design-And-Implementation-Authorization-20260806-120745\STAGE4-WP06-STATIC-DESIGN.txt	SOURCE=C:\Falcon\Stage4\Owner-Decisions\Stage4-WP06-Static-Design-And-Implementation-Authorization-20260806-120745\STAGE4-WP06-STATIC-DESIGN.txt
874DD6344AC30EB990C9819EDFCBB0F4EF58E379D773C6343AE1D4EA0528F5FC	COPIED	C:\Falcon\Falcon1\docs\canonical-records\owner-decisions\stage5\Stage5-Design-Acceptance-And-WP01-Implementation-Authorization-20260806-232646.zip	SOURCE=C:\Falcon\Stage5\Owner-Decisions\Stage5-Design-Acceptance-And-WP01-Implementation-Authorization-20260806-232646.zip
9ECBE2758D0B4A929B2676FAEFCBC50F1F937D5ABDB7ED716A1C427D5B2E5BC7	COPIED	C:\Falcon\Falcon1\docs\canonical-records\owner-decisions\stage5\Stage5-Design-Acceptance-And-WP01-Implementation-Authorization-20260806-232646\ARTIFACT-HASHES.txt	SOURCE=C:\Falcon\Stage5\Owner-Decisions\Stage5-Design-Acceptance-And-WP01-Implementation-Authorization-20260806-232646\ARTIFACT-HASHES.txt
6B9B6BE52632A89564F0FF62D17F27CA38FEC26F0D1BDC1FC6DB3C870C53D5B2	COPIED	C:\Falcon\Falcon1\docs\canonical-records\owner-decisions\stage5\Stage5-Design-Acceptance-And-WP01-Implementation-Authorization-20260806-232646\OWNER-ACCEPTANCE-STAGE5-DESIGN-AND-AUTHORIZATION-WP01.txt	SOURCE=C:\Falcon\Stage5\Owner-Decisions\Stage5-Design-Acceptance-And-WP01-Implementation-Authorization-20260806-232646\OWNER-ACCEPTANCE-STAGE5-DESIGN-AND-AUTHORIZATION-WP01.txt
B2C04D93C323146555B1849B8D809DB6DFA1A47881FF81AA24CA40CC15481A19	COPIED	C:\Falcon\Falcon1\docs\canonical-records\owner-decisions\stage5\Stage5-Design-Acceptance-And-WP01-Implementation-Authorization-20260806-232646\STAGE5-AUTHORIZATION-BOUNDARY.txt	SOURCE=C:\Falcon\Stage5\Owner-Decisions\Stage5-Design-Acceptance-And-WP01-Implementation-Authorization-20260806-232646\STAGE5-AUTHORIZATION-BOUNDARY.txt
B72A901708AA6DDBF4C6903AADA30DA2AECC33F3DD98DBA8F6DD771EB44712C6	COPIED	C:\Falcon\Falcon1\docs\canonical-records\owner-decisions\stage5\Stage5-Planning-And-Design-Authorization-20260806-231418.zip	SOURCE=C:\Falcon\Stage5\Owner-Decisions\Stage5-Planning-And-Design-Authorization-20260806-231418.zip
CBDA15802D621F67DFDEBF2BA507700B6C6DC0ABAF02D988759015B919B75BA7	COPIED	C:\Falcon\Falcon1\docs\canonical-records\owner-decisions\stage5\Stage5-Planning-And-Design-Authorization-20260806-231418\OWNER-AUTHORIZATION-STAGE5-PLANNING-AND-DESIGN.txt	SOURCE=C:\Falcon\Stage5\Owner-Decisions\Stage5-Planning-And-Design-Authorization-20260806-231418\OWNER-AUTHORIZATION-STAGE5-PLANNING-AND-DESIGN.txt
C0EFD75DFDDFE3A8A7A93D21BC7A3AFB47A32703F422B2FBB7106E050BCA9D51	COPIED	C:\Falcon\Falcon1\docs\canonical-records\plans\stage5\Falcon_Stage5_Planning_Proposal_v1.zip	SOURCE=C:\Falcon\Stage5\Packages\Falcon_Stage5_Planning_Proposal_v1.zip
FB9A09F6BD915F0F58BCEE94267471B80F35DDB05945A410EB2A0BC2A827EC5E	COPIED	C:\Falcon\Falcon1\docs\canonical-records\owner-decisions\stage5\Stage5-WP01-Owner-Acceptance-And-Closure-20260807-093622\OWNER-ACCEPTANCE-AND-CLOSURE-STAGE5-WP01.txt	SOURCE=C:\Falcon\Stage5\Owner-Decisions\Stage5-WP01-Owner-Acceptance-And-Closure-20260807-093622\OWNER-ACCEPTANCE-AND-CLOSURE-STAGE5-WP01.txt
66907469B777D52A0F6E23CABB8676D16D9A22186652226717B80211BD60C528	COPIED	C:\Falcon\Falcon1\docs\canonical-records\owner-decisions\stage5\Stage5-WP01-Owner-Acceptance-And-Closure-20260807-093622.zip	SOURCE=C:\Falcon\Stage5\Owner-Decisions\Stage5-WP01-Owner-Acceptance-And-Closure-20260807-093622.zip
E39A8B5E0A5F9005D328A001A01CBC1BB1FD6FBB7D1F4B2408F5DC774FC1F4ED	COPIED	C:\Falcon\Falcon1\docs\canonical-records\owner-decisions\stage5\Stage5-WP02-Implementation-Authorization-20260807-095055\OWNER-AUTHORIZATION-STAGE5-WP02-IMPLEMENTATION.txt	SOURCE=C:\Falcon\Stage5\Owner-Decisions\Stage5-WP02-Implementation-Authorization-20260807-095055\OWNER-AUTHORIZATION-STAGE5-WP02-IMPLEMENTATION.txt
3B06A804AAD25A0F7EC781743FB991EC1559677B909F7A233B07CBB022C0B119	COPIED	C:\Falcon\Falcon1\docs\canonical-records\owner-decisions\stage5\Stage5-WP02-Implementation-Authorization-20260807-095055.zip	SOURCE=C:\Falcon\Stage5\Owner-Decisions\Stage5-WP02-Implementation-Authorization-20260807-095055.zip
2C59EFFF0E095E7D69158983AF217DC0088D34ACD77282ABB4E8B33F8F947E2A	COPIED	C:\Falcon\Falcon1\docs\canonical-records\owner-decisions\stage5\Stage5-WP02-Owner-Acceptance-And-Closure-20260807-105952\OWNER-ACCEPTANCE-AND-CLOSURE-STAGE5-WP02.txt	SOURCE=C:\Falcon\Stage5\Owner-Decisions\Stage5-WP02-Owner-Acceptance-And-Closure-20260807-105952\OWNER-ACCEPTANCE-AND-CLOSURE-STAGE5-WP02.txt
B5E0DF8D1B0D0998C6F4DEC0485969D23B32449F5799377947BF5F92DD77EBE3	COPIED	C:\Falcon\Falcon1\docs\canonical-records\owner-decisions\stage5\Stage5-WP02-Owner-Acceptance-And-Closure-20260807-105952.zip	SOURCE=C:\Falcon\Stage5\Owner-Decisions\Stage5-WP02-Owner-Acceptance-And-Closure-20260807-105952.zip
201993CEF74BB6B7195FA712726F6FC48C2308D28521EE35EF057B18A6A4AC3C	COPIED	C:\Falcon\Falcon1\docs\canonical-records\owner-decisions\stage5\ADR-I012-Owner-Acceptance-And-Activation-20260807-114524\OWNER-ACCEPTANCE-AND-ACTIVATION-ADR-I012.txt	SOURCE=C:\Falcon\Stage5\Owner-Decisions\ADR-I012-Owner-Acceptance-And-Activation-20260807-114524\OWNER-ACCEPTANCE-AND-ACTIVATION-ADR-I012.txt
EAE462BFDDADD43E3AABCC544DACE1EFD323205AD707C8ED87A8C9709276C4D8	COPIED	C:\Falcon\Falcon1\docs\canonical-records\owner-decisions\stage5\ADR-I012-Owner-Acceptance-And-Activation-20260807-114524.zip	SOURCE=C:\Falcon\Stage5\Owner-Decisions\ADR-I012-Owner-Acceptance-And-Activation-20260807-114524.zip
