SHA256	STATUS	SUBJECT	ORIGINAL_SOURCE
FB9A09F6BD915F0F58BCEE94267471B80F35DDB05945A410EB2A0BC2A827EC5E	BYTE_FOR_BYTE_MIRRORED	Stage5 WP01 Owner Acceptance And Closure	C:\Falcon\Stage5\Owner-Decisions\Stage5-WP01-Owner-Acceptance-And-Closure-20260807-093622\OWNER-ACCEPTANCE-AND-CLOSURE-STAGE5-WP01.txt
66907469B777D52A0F6E23CABB8676D16D9A22186652226717B80211BD60C528	BYTE_FOR_BYTE_MIRRORED	Stage5 WP01 Closure Package	C:\Falcon\Stage5\Owner-Decisions\Stage5-WP01-Owner-Acceptance-And-Closure-20260807-093622.zip
E39A8B5E0A5F9005D328A001A01CBC1BB1FD6FBB7D1F4B2408F5DC774FC1F4ED	BYTE_FOR_BYTE_MIRRORED	Stage5 WP02 Implementation Authorization	C:\Falcon\Stage5\Owner-Decisions\Stage5-WP02-Implementation-Authorization-20260807-095055\OWNER-AUTHORIZATION-STAGE5-WP02-IMPLEMENTATION.txt
3B06A804AAD25A0F7EC781743FB991EC1559677B909F7A233B07CBB022C0B119	BYTE_FOR_BYTE_MIRRORED	Stage5 WP02 Authorization Package	C:\Falcon\Stage5\Owner-Decisions\Stage5-WP02-Implementation-Authorization-20260807-095055.zip
2C59EFFF0E095E7D69158983AF217DC0088D34ACD77282ABB4E8B33F8F947E2A	BYTE_FOR_BYTE_MIRRORED	Stage5 WP02 Owner Acceptance And Closure	C:\Falcon\Stage5\Owner-Decisions\Stage5-WP02-Owner-Acceptance-And-Closure-20260807-105952\OWNER-ACCEPTANCE-AND-CLOSURE-STAGE5-WP02.txt
B5E0DF8D1B0D0998C6F4DEC0485969D23B32449F5799377947BF5F92DD77EBE3	BYTE_FOR_BYTE_MIRRORED	Stage5 WP02 Closure Package	C:\Falcon\Stage5\Owner-Decisions\Stage5-WP02-Owner-Acceptance-And-Closure-20260807-105952.zip
201993CEF74BB6B7195FA712726F6FC48C2308D28521EE35EF057B18A6A4AC3C	BYTE_FOR_BYTE_MIRRORED	ADR-I012 Owner Acceptance And Activation	C:\Falcon\Stage5\Owner-Decisions\ADR-I012-Owner-Acceptance-And-Activation-20260807-114524\OWNER-ACCEPTANCE-AND-ACTIVATION-ADR-I012.txt
EAE462BFDDADD43E3AABCC544DACE1EFD323205AD707C8ED87A8C9709276C4D8	BYTE_FOR_BYTE_MIRRORED	ADR-I012 Activation Package	C:\Falcon\Stage5\Owner-Decisions\ADR-I012-Owner-Acceptance-And-Activation-20260807-114524.zip
575B946B719C4054196EDC8B5E39694A7E988F0E10358EEE8AB596D4A4576725	ACTIVATION_TIME_CONTENT_IDENTITY	ADR-I012 v1.1 Canonical Content At Activation	docs\adrs\ADR-I012_FOUNDATION_PLUG_AND_PLAY_APPLICATION_INTEGRATION_BOUNDARY.md
